CustomerID,Name,Email,Phone,Region,JoinDate
1,Melissa Smith DDS,elizabeth45@example.net,001-375-334-5536x51831,West Michellehaven,2024-09-05
2,John Jones,lroach@example.org,+1-979-751-8152x5309,Stephaniechester,2024-08-05
3,Melvin Wiley,mendezcorey@example.com,850-513-0871x003,Waltermouth,2025-01-31
4,Daryl Valdez,henrychristian@example.com,(730)288-1039,Scottfurt,2024-05-09
5,Tiffany Bradley,ccurry@example.org,(809)736-9197x0765,East Kristinchester,2024-08-14
6,Justin Larson,denisemartinez@example.org,958-376-9989x88682,North Michael,2024-08-03
7,Jason Farrell,ashleysanders@example.net,001-443-397-5349x6550,South Timland,2024-07-13
8,Emily Cox,psmith@example.net,5513791079,Gonzalesville,2024-09-25
9,Nathan Ross,melaniesmith@example.net,+1-919-276-6734x3382,Gardnerburgh,2024-09-07
10,Gordon Flynn,randallgoodwin@example.com,4607178436,West Brooke,2024-08-12
11,James Lee,xnewman@example.net,+1-648-703-1242,South Zachary,2025-03-29
12,Curtis Floyd,crosbyrebecca@example.com,764.709.8269x292,Port Danielbury,2024-08-01
13,Melanie Morrison,donald86@example.net,001-878-587-9181x72607,Garciatown,2025-01-28
14,Lori Glover DVM,staylor@example.org,001-889-970-4291x3060,South Edwardfurt,2024-04-11
15,Claudia Smith,wrightdarren@example.net,(821)882-9154,Henryville,2025-01-06
16,Michael Harvey,bradley57@example.org,223.267.0829,Ginaview,2024-11-03
17,Rebecca Ware,larrycarpenter@example.com,001-610-495-8483,Haysburgh,2025-02-10
18,Tony Alvarado,chambersdavid@example.com,+1-513-766-3714x383,West Garymouth,2024-12-02
19,Michelle Romero,owoodard@example.com,986.625.4939x4260,Carolland,2025-03-02
20,Joshua York,davidadams@example.com,407.921.9693,Janiceland,2024-12-31
21,Edgar Mathews,aleclane@example.org,615.364.7046,Snowshire,2025-03-20
22,Christine Williams,hamptonaustin@example.org,268-953-6432x6779,Kevinbury,2024-11-04
23,John Campbell,swells@example.com,001-984-256-5774x384,Kevintown,2025-03-31
24,Ashley Robertson,weaverkaren@example.com,349.888.5379x62054,West Bailey,2024-12-07
25,Robert Nguyen,tiffany89@example.org,+1-311-366-3174x708,South Davidville,2025-02-18
26,Angela Martinez,ejackson@example.com,+1-512-874-1458x6857,Port Trevortown,2024-06-21
27,Tina Ward,kevingregory@example.org,001-847-981-6395x9170,Barajasshire,2024-11-30
28,Alex Russell,vanessamcmahon@example.org,+1-953-283-8235x606,Mcdonaldtown,2024-12-04
29,Lisa Benson,hammondjeremy@example.org,492-345-8789x51856,New Emily,2024-09-07
30,Savannah Klein,jordanmisty@example.com,001-513-570-2467x3104,North Stephaniemouth,2024-10-30
31,Frederick Huff,christopher82@example.org,001-346-560-1870x32371,Lake Dawn,2024-06-26
32,Christopher Lyons,hunteradam@example.net,578-777-4201x169,Mitchelltown,2024-12-01
33,Karen Mcknight,mgomez@example.net,+1-258-600-1682,New Davidchester,2024-04-18
34,Anthony Payne,smithmichael@example.net,(742)671-3377,Deanville,2025-03-18
35,David Morales,uthomas@example.net,6236736677,Scottville,2024-12-23
36,Andrea Smith,lynnhuff@example.net,(586)440-9918x37398,Markborough,2024-08-31
37,Andrew Gomez,feliciamorris@example.org,976-223-2801,North Joseph,2024-05-28
38,Jessica Lewis,barrjeffrey@example.org,001-880-815-7735x8374,Port Eric,2024-06-02
39,Brad Patterson,rmayer@example.net,328-736-1878,New Savannahchester,2024-11-10
40,Jessica Kirk,william39@example.net,001-667-402-4872,East Anthony,2024-12-24
41,Jennifer Baker,codymalone@example.com,400.895.2091x607,South Brittany,2024-10-14
42,Roger Mora,pattersonjames@example.com,001-986-408-6487x369,Millerchester,2024-09-28
43,Nancy Houston,hrose@example.com,(203)537-4218,Natalieborough,2024-09-19
44,Paula Warren,garymeadows@example.net,946.991.6176x7419,West Tyler,2024-12-24
45,Nicole Murphy,emolina@example.com,001-793-715-9666x7538,North Patrick,2024-08-27
46,Richard Lane,traviswarren@example.org,+1-925-674-5668x49770,Port Melissahaven,2024-10-11
47,Emma Rowe,williammartin@example.org,911.735.3749x81878,South Paulton,2025-03-31
48,Tiffany Jenkins,beckernancy@example.net,(398)351-7907x855,Jessicafurt,2024-12-28
49,Logan Moore,richard19@example.org,001-875-301-7692,Port Elizabethtown,2025-03-26
50,Angela Green,bradley74@example.org,429.403.4692x12702,Paulfort,2024-05-11
51,Bryan Wilkinson,burnettdavid@example.net,336.280.1971,North Laurenshire,2025-03-09
52,Michael Mathews,hayespatrick@example.org,001-672-723-9095x78516,Barronchester,2024-12-10
53,Brett Davis,megangarcia@example.net,+1-276-809-2464x629,Lake Melanie,2025-03-03
54,Jacob Sanchez,joann94@example.net,298.812.9084x741,Schneidertown,2024-09-15
55,Mary Smith,zrivera@example.org,+1-263-223-3774x0130,East Thomas,2024-07-22
56,Ashley James,jenniferallison@example.org,929-698-8659,Heidihaven,2024-12-11
57,Shirley Phillips,zdavenport@example.com,001-556-206-7944,South Brittanyside,2024-08-20
58,Mrs. Sherri Bartlett,staceyford@example.org,+1-666-378-9811x96625,Michaelfurt,2024-05-26
59,Anne Anderson,samuel34@example.net,(533)855-4838,New Erin,2024-12-13
60,Joshua Sanchez,tcoleman@example.org,898-201-7501x22124,Millershire,2024-08-25
61,James Vincent,vbell@example.com,001-534-778-6826x740,Warrenhaven,2025-01-08
62,Lisa Hughes,hjackson@example.org,+1-336-979-6975x0524,West Johnview,2025-03-22
63,Angela Rogers,ipowell@example.net,+1-679-937-6393x12921,New Gabrielland,2024-04-13
64,Julie Walter,mgarcia@example.org,(550)578-7263,New Frances,2024-10-09
65,Matthew Martinez,bmiller@example.org,(410)222-7194x49537,Lauraborough,2025-03-27
66,Margaret Johnston,sromero@example.net,7029863141,Martineztown,2024-08-15
67,Christopher Bush,lisabryan@example.com,001-815-818-3086x8967,Port Robert,2025-03-09
68,John Miranda,brandon37@example.org,(243)973-0097,New Tinamouth,2024-11-22
69,Donna Gibson,edwardnorris@example.org,+1-823-484-3658x466,Smithland,2024-11-30
70,Glen Jenkins,cunninghamalex@example.net,484-834-6198,Ronaldville,2025-03-09
71,Garrett Johnson,johnsonjeffery@example.org,+1-366-370-0505x17883,Whitefurt,2025-01-31
72,Nichole Gutierrez,hickmanheather@example.com,207-221-1038,South Theresa,2025-01-09
73,Julie Combs,jennifer61@example.com,532-818-1144,Lake Thomasland,2025-02-05
74,Sharon Allen,teresawade@example.org,827.651.4736x80645,New Josechester,2024-10-27
75,Jeffrey Martinez,jared60@example.net,+1-987-864-0425,West Riley,2024-11-19
76,Mary Chen,reidbryan@example.org,(811)289-3295,Meyershaven,2025-01-16
77,Gregory Cooley,shane50@example.net,(513)289-0636,Murraytown,2024-07-27
78,Meghan Madden,lgomez@example.com,001-261-332-6468,Lake Danielmouth,2025-01-22
79,Jennifer Jones,veronicawatson@example.org,+1-991-659-0596x7889,Port Jamesbury,2024-12-04
80,John Hicks,danapeterson@example.net,701.598.3865x19444,East Williammouth,2025-03-13
81,Benjamin Brown,rodriguezbianca@example.com,+1-731-987-7170x278,Port Nicole,2024-11-29
82,Jeffrey Miller,tramos@example.com,465.400.9799x03531,North Michelle,2024-12-22
83,Tina Williams,richardjenkins@example.net,332-920-5825x34256,South Danielle,2025-01-02
84,Jeffrey Oconnell,marshallandrea@example.com,(913)503-4261,Mistyshire,2024-05-16
85,Allison Knight,jgonzalez@example.org,923-422-1159x28540,East Christineport,2024-06-19
86,Cody Jacobson,cpotts@example.org,001-639-763-7323,Bergerhaven,2025-01-04
87,Ellen Garcia,bvasquez@example.com,826-247-0669,Lake Joshua,2024-11-20
88,Joseph Moran,angela66@example.org,241-603-8639,Taylorville,2024-10-17
89,Aaron Fuller,christopher58@example.org,(939)422-2246x04824,Anthonymouth,2024-12-26
90,Kristina Smith,vosborne@example.org,366-822-9851x12079,Kingchester,2025-02-14
91,Amanda Martinez,aguilareric@example.org,9319019039,East Emma,2025-01-21
92,Ronnie Ramos,waltereric@example.com,546.492.7713x236,Toddborough,2025-03-10
93,Erica Bates,kbanks@example.org,329.926.7289x7696,West Kathyberg,2024-06-07
94,William Williams,marcus29@example.org,+1-952-674-8862,Huntermouth,2025-03-06
95,John Vasquez,malonejoshua@example.org,001-235-405-3945,Westshire,2024-04-21
96,Jill Clark,annerice@example.org,+1-259-354-7595x448,West Juliatown,2024-11-21
97,Emma Clark,hamiltonpeter@example.com,(946)582-0279,West Caleb,2024-04-08
98,Raymond Brady,emilymcguire@example.com,001-359-430-0684x55952,East Richardbury,2024-06-29
99,Monique Powell,thomasjenny@example.com,+1-380-289-2170x110,West Lisa,2024-07-23
100,Christine Smith,rossapril@example.com,(295)325-5517,Bryanview,2024-07-24
101,Charles Newman,sandraadams@example.com,(663)561-8487,East Joannchester,2024-07-10
102,Arthur Rodriguez,cwilliams@example.net,001-268-497-9487,South Christopherton,2024-10-24
103,Linda White,woodwendy@example.com,754-215-4735,Zunigachester,2025-02-05
104,Kari Harvey,jeffrey77@example.org,+1-862-852-8771x170,Madelineview,2025-02-03
105,Dominique Johns,leonjessica@example.net,+1-626-325-0745x7045,New Kristi,2024-09-09
106,Samuel Brown,kbarton@example.net,763-312-0683,Danielmouth,2025-03-01
107,Robert Alexander,glawrence@example.org,492-425-5616,Lake Cynthiatown,2025-04-01
108,Deanna Sheppard,xcasey@example.org,(778)678-8792x24069,West Miguelburgh,2025-03-23
109,Ana York,kathleensoto@example.net,390-285-1109x91492,South Phillip,2024-12-25
110,James Lee,jonathan68@example.org,720.995.1656x3120,New Wesley,2024-10-16
111,Joseph Rowland,cnorris@example.com,(495)435-8597,New Brandonshire,2024-04-29
112,Jessica Carter,nkelly@example.net,4162184686,Port Jeremy,2024-12-02
113,William Harris,danielgriffin@example.com,681.856.1840x38457,Paulfort,2024-07-18
114,Donald Nguyen,johncabrera@example.com,(312)325-5260,Boothport,2025-01-03
115,Marissa Larsen,allenbrooke@example.net,914-494-7409,East Henry,2025-01-21
116,Michael Allison DVM,omiles@example.org,(974)300-6448x461,Port Laurieburgh,2024-12-30
117,Kendra Joseph,wilsondanny@example.org,(774)291-6839,North Amandafort,2024-11-09
118,Amanda Allen,erichampton@example.com,+1-332-283-0441,Collinston,2024-11-20
119,Alicia Sullivan,omartin@example.net,281-599-9555x328,Wayneland,2024-06-06
120,Roberto Martinez,hendrixjohn@example.com,(660)735-5759x863,West Markfort,2024-05-14
121,Benjamin Hill,bryan91@example.org,9438883060,Jacobsfort,2025-01-03
122,Nicholas Francis,ylong@example.net,539.730.4593,Lake Timothyfurt,2025-01-25
123,Jeffery Jones,joshua21@example.com,+1-450-985-5258x4639,East Susanmouth,2024-10-11
124,Nancy Lara,amy26@example.com,(799)359-8945,Port Monica,2024-11-13
125,Alyssa Johnson DDS,anthonynichols@example.com,001-836-670-5926x113,East Stephenstad,2024-04-06
126,Andrea Brown MD,ryan44@example.net,(593)842-1881x149,Karenstad,2024-04-05
127,Dennis Johnson,vrobinson@example.org,(738)329-0178x212,West Sherriborough,2024-08-01
128,Sherry Marshall,hendersonthomas@example.com,(259)711-4779x4790,South Troybury,2024-10-26
129,Judy Keith,hensonroberto@example.com,001-605-489-9461x6692,East Joeside,2024-04-15
130,Jessica Mccormick,oferrell@example.net,461-923-1982,Williamston,2024-10-21
131,Helen Burke,nelsonrandy@example.net,2247343439,East Eric,2025-03-01
132,Melissa Hodges,michaelcollins@example.org,(347)311-8710x1628,West Davidborough,2024-11-08
133,Aaron Lee,carterjasmine@example.net,269-832-5228x69545,Port Aaronstad,2025-01-11
134,Darryl Russell,usanchez@example.org,001-582-602-7530x556,Josestad,2024-11-18
135,David Owens,matthew06@example.org,815.621.0563x61411,New Christineberg,2024-05-11
136,Randall Tapia,rshaw@example.com,9145571136,Lake Savannah,2024-08-27
137,Rodney Moreno,margaretdavis@example.org,8164885290,Edwardsfurt,2025-03-09
138,Eric Salazar,colonchristopher@example.org,+1-706-970-4658x620,Lindsayberg,2024-06-20
139,Taylor Nelson,tbond@example.com,(957)437-3215,Robertburgh,2024-06-29
140,Brandi Elliott,amberkim@example.com,293-738-9849x62571,Trujilloberg,2024-10-30
141,Patricia Green,tamarahughes@example.com,+1-845-653-4766x232,Alvarezfort,2024-07-24
142,Eric Ruiz,mossdavid@example.net,367.410.6335,Port Jackview,2024-04-04
143,Walter Leblanc,brendashepherd@example.net,(390)878-4500x1954,New Wendyshire,2024-09-10
144,James Lopez,jakewagner@example.net,001-777-540-9185,Port Joshuaport,2024-09-20
145,Michael Aguilar,jwalker@example.com,328.461.9825x772,East Helenbury,2024-11-24
146,Allison Smith,stephanie17@example.com,325-569-5638x79270,Suzannefurt,2024-08-14
147,Terry Herrera,sydney75@example.net,(702)398-3369x252,Dianemouth,2024-05-26
148,Brian Jackson,hannah42@example.com,565-238-2044x74545,Port Brittanyport,2024-11-22
149,Tim Hart,jeremy99@example.com,987-493-4885,North Leahburgh,2024-09-25
150,Cheryl Mclean,howellwillie@example.net,(649)866-6366x6044,West Cindy,2025-01-04
151,Julia Greene,michaelcross@example.com,+1-942-932-7919,Dianaberg,2024-11-13
152,Kayla Jacobs,kimcervantes@example.org,(449)897-3101x7800,North Tonyafurt,2024-04-14
153,Marissa Ryan,martinchristina@example.com,(768)820-6829x99347,Rivasberg,2025-01-17
154,James Wilson,moorebeverly@example.com,+1-584-926-3805,Brownhaven,2024-05-18
155,Danielle Clark,fisherjason@example.com,+1-773-804-8083x104,Holmesborough,2025-02-25
156,Deanna Nelson,lisamoody@example.net,(253)865-4927,Youngfort,2024-12-05
157,Joshua Snyder,wilsonjessica@example.net,(677)803-7016x6583,West Roberto,2024-10-21
158,Selena Welch,henryallen@example.org,+1-275-513-6789x658,Vaughnburgh,2024-07-12
159,Matthew Davis,jacoblewis@example.com,8702374679,Mullinstown,2025-03-09
160,Jeremy Sullivan,michaelfreeman@example.net,797.999.0414,Jeremyside,2024-08-09
161,Melissa Acevedo,abarnett@example.org,416-491-4463x0740,Alexanderfort,2024-09-15
162,Rebecca Medina,williamknight@example.net,7146104774,Jefferyburgh,2024-08-28
163,Daniel Horton,paul28@example.org,3575121909,New Leslie,2024-12-25
164,Mr. Jose Lewis DDS,vabbott@example.net,001-351-786-8695x93058,Toddchester,2025-01-24
165,Gabriela Carter,weissjeffrey@example.org,6566532831,East Charlesbury,2024-05-16
166,Sylvia Griffith,michaelpatterson@example.com,852-851-0800x2159,Webbton,2024-09-19
167,David Johnson,pgilmore@example.com,+1-339-851-0426x27482,East Chris,2024-09-25
168,Nicole Patton MD,lwhite@example.net,(442)623-9722,Johnsonberg,2024-05-27
169,Dawn Rogers,wilsongregory@example.org,(983)640-3615x5959,Taylorhaven,2024-07-29
170,Adam Matthews,kevin06@example.net,(689)290-3909,West Erin,2024-12-20
171,Edward Ramirez,jessicaserrano@example.org,001-422-878-0351x4629,South Katherineborough,2024-05-26
172,Eric Martinez,qwarren@example.com,462.768.1649x8621,East Matthewtown,2024-11-12
173,Nancy Bush,hamiltonwilliam@example.net,001-632-581-5360x7090,Leefurt,2024-10-02
174,Caleb Ramos,lauraross@example.com,847.995.2598x7305,Lake Danielland,2024-08-28
175,Derek Hernandez,carlosray@example.net,778-509-0938,Port Melanietown,2024-10-26
176,Frederick Howell,fhernandez@example.com,818.246.7302x933,Shariton,2025-02-14
177,Jose Morris,mannmichael@example.org,2619911187,South Brandon,2024-09-22
178,Robert Beard,ryanmartinez@example.com,(434)805-2261,Amychester,2024-12-26
179,Terri Reeves,dwaynealexander@example.com,2485176957,Perezshire,2024-08-25
180,Kevin Price,jarmstrong@example.com,001-828-907-4540x716,East Samanthabury,2024-04-25
181,Jordan Diaz,ronaldhardy@example.org,389-576-1767x54012,North Ericaview,2024-09-06
182,Natalie Kidd,henrysmith@example.net,750.749.3354,Matthewfurt,2024-10-05
183,Ryan Rice,dannycochran@example.org,(357)978-5204,Myersstad,2024-04-23
184,Kyle Burnett,oreese@example.net,001-865-782-1938x92421,Johnchester,2025-02-17
185,Jessica Mason,nicholethompson@example.org,6639398292,West Patriciafurt,2025-03-26
186,Brandi Nolan,qmathews@example.com,(467)557-2347x01733,West Glen,2024-12-30
187,Alan Snyder,nmartinez@example.com,9393657439,Lisaburgh,2024-11-03
188,Mitchell King,tammygonzalez@example.org,+1-412-487-2179x7645,New Patriciaburgh,2024-07-01
189,Steven Robinson,emoore@example.org,574.321.5289x773,Mortonville,2025-03-14
190,Michael Burns,matthew87@example.net,385.803.7143,Nicholsfurt,2024-09-13
191,Joseph Smith,hannahwalters@example.org,6336680093,Garyburgh,2024-09-02
192,Jonathan Morgan,kimberlypadilla@example.net,(370)397-5517x538,Stevenberg,2024-05-08
193,Christina Palmer,syoung@example.com,(959)319-1757x79944,Martinport,2025-02-07
194,Robert Cook,murphydarrell@example.com,+1-272-416-6334,North Jasonburgh,2024-07-05
195,Vanessa Johnson,andrewvaldez@example.com,001-896-815-1836,Lisafurt,2025-02-11
196,Amanda Ryan,coliver@example.com,+1-985-471-0853x90152,Jessicatown,2024-12-29
197,Joseph Villanueva,abigail42@example.org,5615218937,South Dawntown,2024-06-17
198,Susan Smith,drodriguez@example.com,001-200-601-4040x620,Manuelberg,2025-03-08
199,Melanie Caldwell,christinamiller@example.net,6366899905,South Wesley,2024-10-07
200,David Lara,xlandry@example.net,227-206-0428,Lake Jenniferborough,2024-11-22
201,Nathaniel Williamson,zgonzales@example.net,001-281-327-4495x72770,New Daniel,2024-06-04
202,Mr. James Delgado,kellybrett@example.com,001-239-851-7196x926,Lake Maria,2024-07-22
203,Joseph Williams,zoliver@example.net,387-814-0285,North Johnland,2024-08-13
204,Catherine Williams,carriecolon@example.net,552-300-1810x897,South Brandonburgh,2024-09-07
205,Mark Johnson,kayla16@example.org,(482)782-0932x9028,Nicholasbury,2024-08-24
206,Richard Mcguire,andrew01@example.org,001-568-862-1276x38164,New Thomas,2025-03-08
207,Justin Holland,bbell@example.com,787.275.3880x173,South Michaelbury,2025-01-17
208,Taylor Ramirez,cwilliamson@example.org,001-574-473-2166x21651,Matthewbury,2025-01-13
209,Rachel Estrada,wsmith@example.net,428.243.3825x270,Owensfurt,2024-12-20
210,Richard George,campbellaimee@example.net,355-462-4155x89314,Simonfurt,2024-06-11
211,Julie Lopez,blackwelljohn@example.net,(222)500-1945,Martinberg,2024-12-27
212,Matthew Graves,xreed@example.org,640-781-1141,Whitemouth,2024-06-28
213,Kristina Powers,mhamilton@example.net,785-630-6288x72938,Port Terristad,2024-07-15
214,Justin Kemp,joseph21@example.org,371.264.6134x7987,Port Jamesmouth,2024-08-12
215,Charles Schwartz,msalazar@example.net,(373)551-2917x180,Katherineport,2025-01-10
216,Connie Gibson,paul27@example.com,001-811-831-4445x55717,Aliciahaven,2024-06-19
217,Christopher Vaughn,moorejennifer@example.com,(253)922-7251x318,Chavezmouth,2024-11-08
218,Ronald James,brookstiffany@example.com,001-202-490-4748x095,Kendraberg,2024-09-17
219,Jonathon Newman,burnselizabeth@example.com,001-799-854-9705x7407,Zacharymouth,2025-01-11
220,Barry Rice,kimberly34@example.com,001-814-709-6244x52861,Cooperfurt,2024-08-06
221,Charles Castillo,garymorales@example.org,(471)214-3126x4199,Port Alicefort,2024-04-23
222,Dennis Nelson,ismith@example.net,+1-567-723-0082,South Walterchester,2024-10-22
223,Christie Walker,stanley36@example.org,001-476-506-0448x4736,West Rebecca,2024-12-19
224,Christopher Haas,raymondking@example.net,001-452-918-0107,Thomasland,2025-01-01
225,James Bullock,george04@example.com,982.234.0765,New Amy,2024-06-07
226,Jamie Greene,danielschmidt@example.org,(497)386-6003x0042,Josemouth,2024-06-21
227,Robert Huerta,joshuagoodman@example.com,+1-767-567-1405x12270,Port Bobby,2024-09-20
228,James Brown,aaron05@example.org,+1-839-430-8540x167,Gregorystad,2024-07-06
229,Craig Marquez,tmarshall@example.com,+1-508-577-6817x096,East Cherylmouth,2024-09-11
230,Randy Johnson,jessicaanderson@example.org,840.925.6418,East Alexanderton,2024-10-04
231,Margaret Mason,cassidy21@example.org,001-531-668-1069,North Michaelstad,2024-10-28
232,Joshua Garcia,alfred41@example.org,930.609.9632x3976,Jessicaside,2025-01-25
233,Samuel Williams,randy66@example.com,+1-822-737-5669x47159,North Jason,2024-04-08
234,Mr. Todd Harris,gjohnson@example.com,858.349.0611,Evansstad,2024-08-01
235,Charles Curtis,crystal78@example.net,786.323.6490,North Craig,2024-06-25
236,Ashley Smith,johnhughes@example.org,(572)749-5396x44684,Vangstad,2024-04-28
237,Alvin Wilson,gloriamartinez@example.org,284.809.6714x4906,South Desireechester,2024-07-23
238,Molly Houston,aaron14@example.com,453-448-2609,Port John,2024-04-20
239,John Davis,alexandersergio@example.net,(489)384-2704,Jenniferburgh,2025-01-28
240,John Hunt,jacquelinesmith@example.com,219-752-5892x5050,Lake Christopher,2024-07-10
241,Stephanie Wright,melissabradford@example.com,748.675.3464x2057,Kristenfort,2024-10-15
242,Mary Bridges,johngonzalez@example.net,915-285-1761,West Danielshire,2025-03-06
243,Melissa Johnson,pedwards@example.org,001-755-311-9922x238,Caitlinhaven,2024-10-02
244,Cameron Heath,katie70@example.com,(555)382-3879,North Amandaton,2025-03-10
245,William Brooks,johnsonkenneth@example.org,+1-288-702-2393x971,New Thomas,2024-05-16
246,Joseph Webb,xmiller@example.com,+1-643-455-2013x13973,West Anthony,2024-09-09
247,Christopher Sandoval,jlarson@example.com,(660)315-7041,East Jeffshire,2024-09-16
248,Carol Flores,leahherring@example.org,664.513.1416,Rachaeltown,2024-12-30
249,Jordan Reed,orodriguez@example.com,001-745-700-1657x012,South Angela,2024-06-28
250,John Vaughn,leslie99@example.net,5429141363,East Joshua,2024-08-30
251,Lori Cherry,nreyes@example.com,+1-374-825-9117x2609,Port Victorchester,2025-02-22
252,Heather Ryan,smithelizabeth@example.net,+1-580-898-0222,Port Bradley,2024-10-28
253,Harry Fuller,ywallace@example.com,001-219-445-3089x124,North Kathryn,2025-03-01
254,Suzanne Holloway,ghuang@example.com,+1-478-724-6858x8724,Sarahbury,2024-05-25
255,Heidi Frye,jacquelinemora@example.org,(862)431-5262x83614,East Tristanshire,2024-06-14
256,Frank Reed,oestrada@example.com,(728)638-8250x8705,Franklinmouth,2025-03-12
257,Christopher Smith,natalie39@example.com,(854)615-1120x1774,North Hunterchester,2024-06-01
258,Matthew Cooper,jeffreyashley@example.org,439-266-3796x09724,North James,2024-08-06
259,Robert Montoya,gonzalezheather@example.net,800-398-5046,West Holly,2024-07-24
260,Renee Wilson,deleonmark@example.net,5873003054,Kevinbury,2025-01-09
261,Rachel Austin,simstroy@example.net,991-922-8317,Tylerville,2024-05-27
262,Earl Lane,adam69@example.org,795-426-8778x2285,Courtneyberg,2024-12-25
263,Melissa Johnson,joshua05@example.org,791.309.9395,Katrinaville,2024-06-08
264,Teresa Holloway,eshaw@example.net,001-239-984-4871x64067,Port Andreafort,2024-04-04
265,Steven Foster,nicole97@example.com,001-579-570-3344x047,North Franceshaven,2025-03-16
266,Thomas Calderon,margaret89@example.net,816.751.3585,East Stacy,2024-07-10
267,Manuel Martin,ikelly@example.com,001-389-392-8165x02451,North Laurieport,2024-11-05
268,Joy Thompson,hmills@example.com,618.943.9960x707,Osborneville,2024-07-12
269,Anthony Anderson,dharris@example.com,+1-552-327-4246x35334,Darleneborough,2025-01-18
270,Andrew Mitchell,john03@example.org,678-863-7791x9211,Baileyton,2024-06-19
271,Amy Snow,brownjuan@example.com,2606458194,New Justin,2024-05-04
272,Sandra Williams,sanchezkarla@example.net,001-972-578-2488,North Michael,2024-06-26
273,Michael Robinson,samuelmorales@example.com,(439)804-3813,Nicoleland,2024-06-09
274,Kelsey Marsh,leedouglas@example.org,+1-809-300-5605x441,South Eric,2024-05-29
275,James Johnson,bweaver@example.org,+1-324-530-6852x3081,Davisborough,2024-08-05
276,Kendra Valentine,amercado@example.net,2889264285,North Katie,2024-11-07
277,William Hill,bbrown@example.com,481-964-3225x8586,New Ashleyberg,2024-09-15
278,Faith Lam,johnny94@example.org,(941)517-8442x60585,Robertfort,2024-09-09
279,Carol Mann,sbennett@example.org,762.670.6279,West Spencerfort,2024-08-15
280,Amber Lewis,danielgarcia@example.org,+1-416-997-0131,West Peter,2025-03-20
281,Billy Shields,garzameagan@example.org,001-871-918-2554x0049,Lake Lonnieside,2025-02-11
282,Matthew Osborne,bpope@example.com,451.870.7809,Smithburgh,2024-07-20
283,Valerie Scott,kevinwebb@example.net,939-959-4585x989,Parksbury,2024-08-25
284,David Underwood,dannymorris@example.com,218.626.0086,West Denisefort,2025-01-12
285,Nathan Hester,ian04@example.com,(241)640-8012,Port Michaeltown,2024-11-24
286,Eric Ross,xsavage@example.org,+1-703-425-9736x873,Katherineport,2025-02-15
287,Shawn Peterson,matthewscameron@example.net,(820)376-5237,Vincentfurt,2024-08-06
288,Joseph Hudson,murphykeith@example.org,3299184690,Lake Anthonyborough,2024-09-10
289,Cynthia Herrera,myerstom@example.com,001-710-523-8289x430,East Andreachester,2025-03-28
290,John Davis,usanders@example.org,620-829-2126,Adamfurt,2025-02-18
291,April Weber,iramos@example.org,(397)535-7671,South Joshua,2024-11-12
292,Peter Lopez,whitetammy@example.com,+1-949-724-0750x582,Port Alexisview,2024-09-03
293,Patricia Newton,felicia60@example.net,+1-553-499-9740,Mooneymouth,2024-10-09
294,Anna Knapp,gonzalesnathan@example.org,908.475.8457x96702,East Patrick,2024-08-20
295,Michael Dunn,debbiemartinez@example.org,+1-215-491-4518x77708,South Thomasburgh,2024-04-08
296,Angela Park,zpreston@example.org,(956)919-1347x125,Brownshire,2024-08-25
297,Sara Riley,nathan86@example.com,634.369.2132,Port Steventon,2024-10-10
298,Rachel Hensley,tmoreno@example.org,716.272.4470,North Julie,2025-02-10
299,Austin Adams,pwarren@example.org,5879237048,Williamsshire,2025-01-16
300,Linda Guerra,kevinjames@example.net,461.564.6851x65364,Davischester,2024-12-11
301,Derrick Martinez,allison97@example.org,001-636-709-2248x7241,Susanstad,2024-11-05
302,Sydney Wade,stacysmith@example.org,244-554-4873x106,West Angelaland,2025-02-15
303,Ronald Allen,awhite@example.org,292.395.1547,East Francisco,2024-07-15
304,Katie Wright,ujimenez@example.net,+1-638-794-4884x577,Vargasbury,2024-04-12
305,Tyler Cooper,lindaford@example.org,001-237-856-9388x56111,Lake Michelle,2024-08-10
306,Maxwell Vazquez,richard77@example.com,404-248-0104,Jeffreyton,2024-11-28
307,James Moss,mary84@example.net,001-356-891-8275x63652,South Ashley,2024-09-20
308,Ann Palmer,eric02@example.net,601.840.1555,South Alexandriabury,2024-11-02
309,Victoria Diaz,zhaas@example.net,323-243-8362x67841,North Alexis,2024-08-27
310,Craig Gonzalez,wwilliams@example.org,7812430153,West James,2025-01-20
311,Philip Lewis,bakerjacob@example.org,001-878-248-0801x90484,East Sophia,2024-04-25
312,William Reyes,cheryl03@example.com,8506475196,Port Laurabury,2024-06-09
313,Jessica Raymond DVM,corey58@example.com,+1-747-731-3816,North Shawnland,2025-02-03
314,Carmen Levy,jacqueline93@example.com,387-859-1991x666,North Karenside,2024-12-15
315,Sarah Jones,usmith@example.org,(790)789-3066x07625,West Yvonnebury,2025-01-12
316,Shawn Marsh,kevin14@example.com,664-681-3324x681,Morristown,2025-01-04
317,Miguel Robinson,jimdavis@example.com,4428541389,North Lukebury,2024-08-02
318,Cassandra Anderson,xwarren@example.org,(606)912-2476,Laurieshire,2024-04-19
319,Mr. Christopher Thompson,alexandralopez@example.net,542.200.6772,Lake Christinafurt,2024-12-22
320,Danielle Cherry,qkaufman@example.com,558-736-2441x45040,Jessechester,2024-11-11
321,Christopher Rivera,vrasmussen@example.com,650-378-9212x734,North Cindyfurt,2024-10-30
322,Brittany Pham,bharper@example.net,+1-505-603-4265x2429,New Lisa,2024-09-09
323,William Chambers,thomasgregory@example.com,418-986-8260x592,South Nathaniel,2024-08-30
324,Samantha Gallagher,debra72@example.net,829-599-9685,Burnsland,2024-05-29
325,Lisa Mills,wendybrown@example.org,001-870-555-5611x47386,Beanland,2025-03-14
326,Dr. Thomas Montoya,allisonrobert@example.net,6104134787,West Joshuaton,2024-04-14
327,Thomas Mckenzie,bonillacharlene@example.net,6712798350,Loganport,2024-07-25
328,Micheal Anderson,habbott@example.org,216.866.2090,North Donna,2025-03-23
329,Kimberly Brown,roselogan@example.org,642.520.1243x051,East Elizabeth,2024-12-02
330,Kylie Mendez,juarezkevin@example.org,444-912-0706,Samanthaburgh,2025-01-15
331,Amber Johnson,ebrown@example.org,536-296-2279x428,Stanleyland,2024-11-11
332,Robert Pham,xgarcia@example.com,310-993-2790,Emilyhaven,2024-07-14
333,Diana Stephens,benjamincontreras@example.com,+1-599-285-6218x6660,Jenniferberg,2024-05-15
334,Sara Walsh,alex04@example.net,(690)922-3393,West Patricktown,2024-04-19
335,Mr. Roger Morgan,adavis@example.net,001-710-849-8669,New Patrick,2024-08-06
336,Michele Thornton,qhooper@example.org,001-477-304-2260x18520,Port Hannah,2024-07-15
337,Kyle Price,ihorn@example.com,655.232.9274x1743,North Kevinshire,2024-08-15
338,David Williams,qrangel@example.com,+1-651-244-7292x832,Chenville,2024-06-08
339,Carol Hunter,upatterson@example.com,+1-484-356-6842x8128,Sarahborough,2024-10-08
340,Adrian Anderson,yrangel@example.org,001-936-239-2181x671,East Christophermouth,2024-12-06
341,Colleen Taylor,robertayers@example.org,(879)238-6066x165,South Nicholas,2024-10-26
342,Krista Robles,edward81@example.net,001-908-372-0326,Adamsview,2024-07-01
343,Jeffrey Cook,erica12@example.org,697-379-8692,New Traci,2024-06-26
344,Lauren Garrison,megancurry@example.org,548-691-7237,Cherylmouth,2024-05-19
345,Jared Knox,cynthiabennett@example.com,541-407-5789,Smithstad,2024-11-09
346,David Reese,erinhowell@example.org,+1-592-936-1000x57553,South Laurastad,2024-12-08
347,Martha Castaneda,kevinclark@example.net,8994797396,Matthewtown,2025-03-07
348,Jeremy Larsen,westsandra@example.com,602.677.6036x3704,Browningland,2024-10-11
349,Tony Bell,lori87@example.net,214.830.6257x592,East Claireville,2024-07-15
350,Cynthia Martin,daniel56@example.org,+1-850-435-9692,Davidmouth,2024-08-11
351,Stephanie Walton,daylaura@example.net,001-810-343-1027x3693,South Judy,2024-08-04
352,Sean Robertson,jnguyen@example.com,560-288-1362x1120,East Jason,2024-04-17
353,Joshua Johnson,fwiggins@example.net,001-500-327-2873,Port Victorialand,2024-07-10
354,Victoria Shah,adrienne43@example.org,255.313.7684x44559,Lake Susan,2024-10-08
355,Elizabeth Ellis,andrew86@example.net,+1-826-338-7102,Eileenton,2024-07-02
356,Brian James,martinezphyllis@example.org,940.840.4930x230,Adamsfurt,2024-10-27
357,Bobby Lee,smithlouis@example.org,552.204.6187x8623,West Jamieberg,2025-03-14
358,Anthony Morris,gregoryhoward@example.com,587-242-7806x45259,Rittermouth,2024-09-04
359,Daniel Miller,garciaamy@example.net,(536)586-2790x566,Christinastad,2025-02-11
360,Shannon Cantrell,tammyhoffman@example.net,8139222602,Lake Kelly,2024-07-31
361,Joshua Fleming,johnbryant@example.com,(444)571-8088,Rileyville,2024-11-17
362,Caitlin Weaver,cmoyer@example.net,270-776-4776x8740,New Juanfurt,2024-07-22
363,Shane Moore,denisejuarez@example.net,493-925-7121x2423,Pierceburgh,2024-09-22
364,Christian Myers,tara23@example.com,266.722.3417x520,Anthonychester,2024-11-08
365,Anne Salazar,jasonscott@example.net,662-568-5071x74982,West Steven,2024-04-25
366,Angela Combs,kwilliamson@example.org,001-316-235-5443x1505,East Edwardchester,2024-10-30
367,Karen Jordan,andersonjerry@example.org,+1-503-817-0233x297,Grimesberg,2024-04-05
368,Barbara Welch,aliciafrazier@example.com,(667)389-0861x2944,Terryhaven,2024-10-19
369,Christopher Orr,sonyascott@example.org,001-864-898-6809x088,Hernandezville,2024-09-22
370,Patricia Anderson,nguyenashley@example.com,001-945-677-2299,New Deanna,2024-06-27
371,Brittany Barnes,carol64@example.net,(497)611-6471x7188,Mendezfurt,2024-07-13
372,Alexander Clements,carolineellis@example.net,233.617.7408x86415,East Jeremy,2024-08-14
373,David Rodriguez,sarahbenton@example.org,602.217.4327x35336,Port Sean,2024-07-29
374,Daniel Thompson,christophersimmons@example.org,949-380-0681x667,New Kyle,2024-11-22
375,Jennifer Schwartz,robincarter@example.net,379.568.0682x1868,Marisatown,2024-11-11
376,Kyle Harrington,thorntonchristopher@example.com,279.390.3041x2289,Dawnshire,2025-02-20
377,Michael Powell,lambertroger@example.com,+1-836-920-1910x087,Ashleytown,2024-10-01
378,Paige Walker,karen80@example.com,001-826-745-0336x65120,Melindaville,2024-08-17
379,Terry Burnett,steelerobert@example.org,3935332082,Hallshire,2025-02-19
380,Shelley Reyes,ohamilton@example.com,629-328-7357x4899,Orozcoton,2024-11-02
381,Troy Lee,ugreen@example.net,001-852-272-9871x9068,East Aprilchester,2025-02-27
382,Elizabeth Shields,jenniferrichardson@example.com,+1-652-599-7060,East Johnview,2025-01-27
383,Alexandria Caldwell,virginia45@example.com,001-281-845-7275,North Christine,2025-03-13
384,Melissa Carpenter,alexandervictoria@example.com,982-306-7366,Timothyland,2025-02-11
385,Diana Davis,boyerkyle@example.org,001-703-446-1773,Hatfieldmouth,2024-10-30
386,Jeffrey Morgan,davidjohnson@example.com,(720)723-8432x602,Evansport,2024-08-14
387,Jonathan Prince,matthewfowler@example.net,771-999-8867,Rivashaven,2025-02-10
388,Shannon Meyer,krichardson@example.net,+1-513-806-7672x04249,Whitemouth,2024-12-13
389,Stephen Ochoa,nancyfritz@example.org,+1-429-812-7863x23285,Kingmouth,2024-05-27
390,Dr. Brenda Johnston,brian18@example.com,+1-404-604-7285x219,East Megan,2024-09-06
391,Michael Reyes,hillisaac@example.org,001-684-626-6680x402,New Ericside,2025-02-21
392,Jeffrey Smith,oliversandra@example.net,791.237.1959x9356,Port Matthewborough,2024-12-04
393,Jeffrey Huynh,gregoryharris@example.org,(926)341-7334x4149,Farmerfort,2025-02-20
394,Nicole Reed,diazgary@example.net,631.529.2279,Maddenmouth,2024-05-15
395,Denise Silva,anthony71@example.org,5144434013,Marcusville,2025-01-04
396,Anthony Reed,ashley30@example.com,+1-583-238-2080,East Anthonyfurt,2025-02-07
397,Alison Brown,agarcia@example.org,(323)933-2003x530,North Michaelview,2024-08-29
398,Lisa Anderson,ashley58@example.net,001-410-516-8488x35315,Victoriaview,2024-09-25
399,Jonathan Simmons,vhaynes@example.org,4389191737,Bassfurt,2024-10-02
400,Jerry Cline,howellfrederick@example.org,001-844-825-7489x3393,South Margaret,2024-12-23
401,Maria Nixon,michael03@example.com,+1-735-218-7947x8332,Susanport,2024-10-24
402,Suzanne Logan,hsimmons@example.org,375.616.7033,East Jacobberg,2024-08-10
403,Anita Salas,jean60@example.net,+1-917-256-9846x4686,New Scottborough,2024-10-29
404,Randall Ortiz,tyler80@example.com,751.344.5749,New Daniel,2024-05-17
405,Karen Hubbard,vanessaluna@example.com,(808)976-1715,Jamieland,2025-02-17
406,Sarah Ayala,hineskevin@example.org,706.259.7248x209,Lake Cameronhaven,2025-03-25
407,Shawn Jones,ronaldharris@example.org,+1-563-685-1111x828,Lake Ericstad,2025-03-01
408,James Fuentes,bullockkristi@example.com,(802)748-3991,East Erikbury,2024-10-26
409,Jennifer Farrell DDS,allenkevin@example.org,648.263.2679x3705,South Nicoleshire,2025-01-03
410,Megan Fuentes,april63@example.com,(648)912-9885x42579,Daniellefurt,2025-02-25
411,Bryan Perry,alexa35@example.org,+1-832-845-5712,Garciastad,2025-01-18
412,Donna Curtis,ioliver@example.org,+1-495-208-4691x759,West Margaretberg,2024-06-29
413,William Ortiz,blakejulie@example.org,794-604-0677,Brownshire,2024-09-23
414,Isabel Obrien,miguelwilliams@example.org,208-767-3151,Jasonhaven,2024-08-23
415,Warren Martin,joseware@example.net,453.521.2572x345,New Christina,2024-08-13
416,Patricia Bass,drakejeffery@example.net,212.264.4124,Lake Christopher,2024-09-21
417,Jennifer Peterson,paul18@example.net,(214)402-3510,Brittanyport,2024-08-27
418,Jacqueline Graves,mary67@example.net,203-886-2917x41493,Kentville,2024-11-24
419,Mr. Kenneth Wood Jr.,smahoney@example.org,505.846.0609x9529,Coryton,2024-05-06
420,Frank Taylor,pattonandrew@example.com,001-592-648-9444x3917,Prestonville,2024-11-08
421,Gary Ferguson,xbrowning@example.com,(838)812-7000x4356,Blackland,2024-11-26
422,Scott Callahan,mclayton@example.net,001-461-892-8904x315,East Dawnmouth,2024-10-17
423,Shawn Harding,todd89@example.net,+1-858-994-5515x796,Craigville,2025-01-11
424,Colin Bishop,veronica34@example.com,001-805-863-6269x592,Angelaland,2024-07-05
425,Bradley Hickman,tamararobinson@example.net,+1-589-557-7506x280,West Kimview,2024-04-29
426,Kristen Leonard,lhorton@example.com,260-478-5113,Stephenmouth,2024-10-04
427,Joshua Valencia,harrisonanne@example.org,001-417-878-3130x48368,Port Susan,2024-10-19
428,Gabrielle Riley,fordbrenda@example.com,+1-620-560-3123x72071,Lake Brandon,2025-01-30
429,Alicia Eaton,matthew07@example.net,939.849.1851x415,Scottfort,2024-07-02
430,Bridget Trujillo,dakotaguerra@example.com,+1-670-917-9656x220,Port Davidborough,2024-05-18
431,Elizabeth Rangel,cjenkins@example.net,001-505-717-5771x2646,North Kristin,2024-06-05
432,Charles Powers,moodylarry@example.com,(960)482-9934x78248,Currytown,2024-11-16
433,Robert Arroyo,paulashley@example.net,379.699.7747,East Tammyberg,2024-11-17
434,Michelle Mccormick,ntaylor@example.org,001-928-442-7585,Wilcoxmouth,2024-07-27
435,Paul Holmes,mahoneyariel@example.net,762.403.9564x78423,South Lauren,2024-10-07
436,Jerry Long,alexandergill@example.com,001-459-956-2223x334,East Kenneth,2024-06-12
437,Cassandra Hunter,kimdean@example.com,(584)245-7626x60467,North Allenborough,2024-12-18
438,Ronald Williamson,jennifer40@example.net,+1-557-872-2680x23084,Madisonfort,2024-04-28
439,Maria English,amartinez@example.org,710-977-9994x87157,New Krystalfort,2024-05-26
440,Dr. Steven Brown DDS,laurenmedina@example.org,+1-211-576-3093x3808,East Anthony,2024-06-19
441,Briana Keith,taylormaureen@example.com,(222)632-1690x248,Jacksonville,2024-11-20
442,Cheryl Spencer,csmith@example.com,(796)685-8260x895,Timothyfort,2024-08-30
443,Brandi Marshall,bcordova@example.com,(889)270-1733x507,Foxmouth,2025-01-08
444,Christian Clark,normanpierce@example.org,(566)466-9980x74046,Romerostad,2024-04-25
445,Lori Landry,gilbertteresa@example.org,001-643-582-1097x7741,Matthewland,2024-08-17
446,John Parker,lisacross@example.org,+1-407-408-2751x164,South Mary,2024-12-29
447,Valerie Key,pwilson@example.net,+1-696-492-6332x0766,New Justin,2024-06-04
448,Karen Fry,nelsonchristopher@example.net,601-917-2217,East Amanda,2024-04-04
449,Robert Jenkins,sloanalisha@example.net,664-370-7603,Port Devinchester,2024-07-29
450,John Oconnor II,fernandezsean@example.net,664-732-2447x80987,Summerton,2024-05-02
451,Paul Johnson,ssimpson@example.net,384.904.9983x19843,South Melvinberg,2024-05-23
452,Fred Estes,perezjenna@example.net,647-234-2347,Dianaberg,2025-01-14
453,Ms. Erica Farley MD,mpatterson@example.net,746-817-3719x77688,West Chase,2024-09-10
454,Samuel Weaver,angela14@example.net,+1-481-399-6016x52275,East Samuelmouth,2024-10-30
455,Jeremy Jones,adammckenzie@example.org,+1-484-886-0826,Stevenmouth,2024-05-23
456,Jennifer Frye,nrose@example.com,540.771.6875,Lake Jeremyfurt,2025-03-08
457,Gregory Bullock,greenandrew@example.com,5177744599,Calebburgh,2024-11-27
458,David Patterson,matthew23@example.com,504.598.7349x95003,Lake Jennifer,2024-10-25
459,Stephen Hernandez,jordanrivera@example.net,287-903-0106,Calvinton,2024-11-25
460,Manuel Smith,kmartin@example.net,301.489.0361x44198,Barnettfurt,2024-09-05
461,Mark Simmons,matthew76@example.net,001-380-314-0273,Port Teresachester,2024-07-05
462,Adam Miller,obrock@example.net,958.872.8815x84839,Lake Stacy,2025-03-07
463,Jennifer Johnson,dianabell@example.net,(964)301-5986x2727,Jonesfurt,2024-12-24
464,Joel Clark,murphyanthony@example.com,628-405-9270x41567,Dunntown,2024-08-20
465,Daniel Hunter,cbrooks@example.org,+1-951-397-7475x0651,Gutierrezburgh,2024-10-03
466,Bailey Frey,bhoward@example.com,216-967-3168x46043,Rileyville,2024-07-14
467,Andrew Bell,wigginslindsay@example.net,952.752.4192,Lake John,2025-01-24
468,Omar Ayala,johnsonscott@example.net,+1-797-534-7383x7396,New Ethanbury,2025-03-26
469,Donna Thompson,tberry@example.org,235.377.1160x08020,South Robert,2024-11-02
470,Alexis Flores,scott96@example.com,386.852.0217x78471,Markshire,2025-03-12
471,Roger Burns,rachelharrison@example.net,381-374-2106x1614,Meganfurt,2024-11-29
472,Evan Jimenez,matthew53@example.net,001-461-403-0970,Port Juliehaven,2024-09-20
473,Christian Moore,kaylahebert@example.net,689-656-3503x865,Tinatown,2024-05-18
474,Rebecca Johns,pcase@example.org,2745096242,South Gloria,2024-06-27
475,Penny Lopez,anthony32@example.net,001-417-451-1712x644,South Michael,2024-06-26
476,Andrew Sawyer,tbrown@example.net,+1-771-930-2977x4911,South Michelle,2024-04-30
477,Laura Kim,willie48@example.org,+1-565-623-3019x72289,Petersfurt,2024-12-30
478,Anthony Perez,joseph19@example.com,579.438.4890,Lake Tara,2024-04-28
479,Leah Lopez,stephanielester@example.net,(429)661-2622x0049,South Hayden,2024-12-23
480,Theodore Roberts,jimenezsusan@example.net,991-711-4319x27453,East Christopherhaven,2025-03-01
481,Patricia Powell,darin28@example.net,9177024406,Marilynborough,2024-08-18
482,Zachary Brooks,calexander@example.org,474.593.1750,Osbornehaven,2025-02-18
483,Mary Henderson,tyler81@example.org,(660)395-8728x2316,Port Catherinefort,2024-08-13
484,Lisa Robinson,wendy78@example.org,631-411-1231x47921,Matthewsborough,2024-04-08
485,Kayla Walters,ymacias@example.com,+1-655-812-7915,Port Kelly,2025-01-06
486,Kathryn Jackson,xbaker@example.org,258-940-5378x0171,East Jodi,2024-08-08
487,Willie Romero,mwebb@example.net,911-416-3608,South Donnaton,2024-05-03
488,Jamie Watson,nicole96@example.org,288.394.6233x2486,West Stephanietown,2024-08-06
489,Karen Bates,osanchez@example.org,(610)785-0423,Jenniferborough,2025-01-08
490,Sarah Brock,amandaferguson@example.org,(650)284-2309x2080,Chasemouth,2025-02-15
491,Edward Clark,peter42@example.com,+1-723-427-5394x88340,Robertstown,2024-11-08
492,Nathaniel Bailey,perezmorgan@example.com,001-512-640-1706x8061,Simonton,2024-04-21
493,Mrs. Faith Howell,daniel60@example.net,+1-214-852-5660x823,South Markfort,2024-08-06
494,Marie Aguilar,gcarter@example.com,712-546-9848,Lake Michaelburgh,2024-08-23
495,Loretta Adkins,timothybarnett@example.net,+1-722-438-3269x49153,East Jamesbury,2025-04-01
496,Joshua Newman,mary33@example.net,001-404-942-3455x9021,South Kathybury,2024-12-05
497,Briana Cook,perkinsjackson@example.org,457.586.0672,New Lori,2024-04-07
498,Alexis Logan,adrian50@example.com,001-390-489-1173x305,East Ashley,2024-08-30
499,Mia Erickson,georgeboyd@example.net,(465)943-1213,Evanmouth,2024-09-19
500,Dominic Sexton,claireharrington@example.net,7249368829,North Taraside,2024-04-18
501,Megan Warren,martinezsteven@example.org,001-673-289-3414x16765,South Ashleymouth,2024-05-02
502,Brian Perry,dustinmcintyre@example.com,001-892-603-8944x896,West John,2025-02-20
503,Mary Rojas,jose68@example.com,(286)641-4474x892,East Ashleymouth,2024-11-24
504,Caitlin Gonzalez,kennethalvarado@example.org,+1-956-551-9677x606,Kathrynmouth,2024-10-09
505,Robert Marshall,hlogan@example.org,910.471.9166,North Susanville,2024-12-25
506,Mark Townsend,sextonsarah@example.com,+1-200-863-5074x3127,New Nicholas,2024-05-19
507,Thomas Cabrera,arthur93@example.net,(617)781-3216x70946,Estradaport,2024-07-10
508,James Walter,kwilson@example.org,707.315.4944,West Karenchester,2025-01-29
509,Paul Smith,kaitlinwu@example.net,987.452.9672x153,South Dillonshire,2024-12-30
510,Andrea Heath,jacobsonstephen@example.com,001-553-941-4631x925,Claytonburgh,2025-03-31
511,Justin Hickman,hgordon@example.org,(638)989-6012x72632,Robinsonside,2024-10-07
512,Kellie Vasquez,flewis@example.net,593-355-8603x11357,East Michael,2024-07-19
513,Karen Cox,fhartman@example.org,+1-521-243-4853x3751,East Mitchell,2024-10-13
514,Susan Ortiz,gramsey@example.com,422.467.2552x985,New Caitlinview,2024-08-02
515,Kristen Levine,lindacarrillo@example.org,001-595-430-0379x35639,Aaronshire,2025-02-23
516,Joanna Baker,floresmelissa@example.net,786.594.4811x3781,Joeborough,2024-10-30
517,Charles Grant MD,meghan95@example.com,+1-380-224-5247,Richardside,2024-12-02
518,Melissa Torres,copelandbarbara@example.net,249-650-9500x239,Ericside,2024-11-13
519,Janet Johnson,mavila@example.org,+1-702-740-8764,Connieport,2024-10-11
520,Madison Aguilar,andrew87@example.com,(758)725-1616x265,Alexandramouth,2025-01-25
521,Susan Garrett,awhite@example.com,001-658-294-9820x3388,South Nataliechester,2024-10-13
522,Lisa Owen,youngangel@example.com,339-611-5909,Vangville,2024-04-13
523,Dennis Williams,murphybarbara@example.org,+1-318-283-1277x9184,South Ralphtown,2024-04-25
524,Eugene Dalton,thomasmendoza@example.net,+1-426-333-4867x43178,Barreraside,2024-09-06
525,Michael Nelson DDS,bwright@example.com,4102052698,Johnburgh,2025-02-16
526,Jennifer Kirk,richard02@example.com,001-299-651-2352x51594,Lake Matthew,2024-04-16
527,Kayla Freeman,kevin52@example.net,7556616042,New Andrea,2024-12-05
528,Anthony Johnson,maryrodriguez@example.org,752-479-7901x2040,Glennfurt,2024-11-18
529,Hannah Jacobs,mwilliams@example.net,(474)798-2121,North Timothyport,2024-04-23
530,Harold Morrison,olsonwilliam@example.net,+1-430-396-7397x61989,South Victoriachester,2024-07-08
531,Amber Maxwell,russellsims@example.org,519.470.2086x2370,Burnsfort,2024-08-30
532,Michael Peck,shanesmith@example.com,889-866-1776,Lopezport,2024-07-01
533,Amy Holland,lcunningham@example.net,731-334-0316,Robertborough,2024-06-27
534,Austin Anderson,gcruz@example.com,001-521-782-8771x427,Michelefurt,2024-04-19
535,Elizabeth Wallace,josephsmith@example.com,902.997.8563x757,New Kenneth,2024-07-15
536,Matthew Singleton,sarahchandler@example.org,835.460.5302,Courtneyton,2024-09-19
537,Jordan Ball,andersondawn@example.com,917-706-0810x685,Kellyshire,2024-06-25
538,Mark Schneider,johnsonmario@example.net,561-987-4000,Thomasstad,2024-08-27
539,Haley Martin,matthew92@example.org,001-665-222-2053x747,Jamesberg,2025-02-01
540,Jordan Stevenson,david55@example.org,001-335-686-7258x3630,West Heather,2024-06-12
541,Justin Cole,prussell@example.com,2488628792,South Christopher,2025-03-06
542,David Hammond,parksashley@example.org,(272)935-7292x1952,New Jessica,2024-05-01
543,Heidi Carter,nicholasmunoz@example.net,(477)830-0710x783,North Roberttown,2024-05-30
544,Jennifer Gonzalez,richardsonbethany@example.net,(534)428-1382x038,Harveyburgh,2024-10-03
545,Cheryl Saunders,deniseedwards@example.net,(965)730-5962x4033,Hartberg,2024-05-01
546,Madison Irwin,brandiwaller@example.com,978.624.1001,Robertland,2025-01-10
547,Juan Kline,yalvarez@example.com,001-210-474-1872x37784,Whiteville,2025-03-31
548,Joyce Miller,tyler06@example.net,001-373-511-6291x9504,North Alyssaborough,2024-06-22
549,Daniel Miller,plee@example.net,+1-814-687-7946,Washingtonfort,2024-06-02
550,Michael Rice,hmitchell@example.com,(485)709-7646,West Alexis,2024-10-22
551,Michael Ho,destinywebster@example.com,+1-273-906-2536x9046,Curtisview,2024-05-26
552,Gabriel Johnson,chelsea42@example.com,001-702-644-1479x659,Thomasburgh,2024-05-12
553,Joshua Johnson,thomas71@example.net,240.725.0709x03356,Penamouth,2024-08-30
554,Ashley Olson,adam76@example.org,532-603-7928x0059,Nguyenport,2024-04-21
555,Makayla Gregory,austin72@example.net,642-228-1709x55347,East Andresmouth,2025-03-11
556,Melissa Shah,bennettdavid@example.com,+1-691-267-6723x37146,East Daniel,2025-03-17
557,Veronica Chan,wjohnson@example.com,(587)942-4650x32331,Toddchester,2025-03-06
558,Robert Oneill Jr.,xjohnson@example.net,333.736.5772x6109,New Rhonda,2024-05-07
559,Jody Herrera,nmadden@example.org,001-473-282-5886x68176,Powellport,2024-06-30
560,Scott Le,rodriguezdeborah@example.net,392-903-1711x923,East Aliciatown,2025-01-05
561,Rhonda Bush,qgordon@example.net,+1-647-936-7311,Cynthiaside,2024-09-16
562,Stacey Wells,rose79@example.com,(914)229-5161x92978,West Sharon,2025-02-11
563,Mr. William Burns,kristinpatel@example.org,001-780-290-1926x453,Samuelstad,2024-12-07
564,Anthony Mejia,melissa90@example.org,6508911167,East Michaelhaven,2024-07-26
565,Victoria Arroyo,cmiller@example.net,369-558-3210,Sarahstad,2024-04-04
566,Sharon Wright,sandralawrence@example.net,563.410.5284,Stewartville,2025-02-23
567,Christopher Kelly,pricechelsea@example.net,395-908-4016,Josephfurt,2024-12-28
568,Karen Gay PhD,imarshall@example.org,+1-600-788-1328x65430,North Ricardobury,2024-08-05
569,James Bowers,shelbyowens@example.org,(866)408-8055,Austinburgh,2024-08-12
570,Evelyn Wong,amberlucas@example.net,(958)460-1652x9630,New Heatherside,2025-03-18
571,Curtis Wilson,nchang@example.net,294.482.0929x5266,Port Daniel,2024-12-02
572,Linda Fernandez,iwright@example.net,001-325-820-0662,Freemanmouth,2024-12-07
573,Joanna Luna,huffmanchelsea@example.com,2309972460,Judithstad,2024-09-15
574,Brian Singh,williamsdebra@example.com,001-564-924-5956x1030,Robertsland,2024-07-20
575,Molly Cordova,lfreeman@example.org,+1-947-619-6136x63080,Lake Jeffery,2025-02-27
576,John Leonard,anthonysanders@example.net,5216478617,West Valerieside,2024-06-22
577,Danny Martinez,pamela23@example.net,(319)635-0732x310,Port Morgantown,2025-02-09
578,Kelly Phillips,brandon68@example.org,658-393-2727,South Biancaborough,2024-11-29
579,Kara Ray,elizabeth91@example.org,296.523.8067,West Derekland,2024-10-12
580,Russell Smith,christopher53@example.org,001-520-408-7300x64839,North Sarah,2025-02-28
581,Jesse Turner,lawrence96@example.com,(308)614-9187,South Michaelshire,2025-03-04
582,Susan Smith,coxmiranda@example.com,745-773-2448x61225,Martinside,2024-12-17
583,Brandi Acevedo,christopher14@example.com,699.886.7109,East Stephanie,2024-12-31
584,Laura Mack,bgutierrez@example.org,001-841-405-7886,New Katie,2024-08-31
585,George Wolf,mtaylor@example.com,(771)452-1014x782,Lake Johnborough,2024-11-06
586,Shelly Reed,brian12@example.net,969.770.8202,Adamsstad,2024-07-25
587,Frank Richardson,richard63@example.org,(610)535-2748x5668,Torresland,2024-07-22
588,Mark Rich,ryanmacias@example.com,001-509-975-3257x1596,South Michael,2024-05-03
589,Adam Martin,paul97@example.org,5187596804,Kirktown,2024-11-14
590,Mr. Brian Phillips,jimmy44@example.com,001-687-717-4423x883,Ericksonborough,2024-11-22
591,Krystal Ruiz,hurstkimberly@example.org,+1-628-932-8049x19891,Roystad,2024-09-19
592,Michael Webb,steven61@example.org,6903382056,North Michaelberg,2024-11-20
593,Jeffrey Brewer,urichard@example.net,(782)952-7750x4781,North Larryburgh,2024-09-27
594,Michael Lewis,craigtammy@example.org,(908)609-3059x4176,East Paigeton,2025-03-25
595,Cathy Keller,andrea07@example.com,237.788.3529,West Adrian,2024-09-14
596,Makayla Murphy,emejia@example.com,+1-598-816-7968x518,Lake Roger,2024-08-21
597,Sharon Jenkins,hsparks@example.com,+1-482-994-4226,East Jasontown,2024-07-12
598,Jason Meyer,alex55@example.org,(910)787-1654,Lake Tinamouth,2024-08-15
599,Melissa Simmons,gregoryrios@example.org,+1-715-877-3650x69520,Port Kristina,2024-12-15
600,Melissa Potts,shanewalsh@example.com,717.906.2890x54583,East Traciton,2024-09-09
601,David Montgomery,frankchavez@example.org,450-568-0372,Allisonburgh,2025-03-30
602,Kara Fitzgerald,katrina59@example.net,001-526-798-5205x390,Danielfort,2024-08-09
603,Brittany Hughes,hughesjennifer@example.org,920-699-9564,West Alyssa,2024-05-04
604,Lisa Barajas,qscott@example.org,874-528-5043,Jessicaberg,2025-01-09
605,Jennifer Carroll,llittle@example.net,(434)267-5089,Port Dave,2024-05-26
606,Paige Lee,michellecooley@example.org,849.629.5911,Kennethfort,2025-03-16
607,Alexis Rodriguez,emilysharp@example.com,561-531-6268,East Laurieview,2025-03-07
608,Brandon Armstrong,andersonjulie@example.com,+1-972-495-2897x171,Christopherville,2024-12-07
609,Richard Morris,emilyhuffman@example.org,+1-215-364-0329x2102,South Sarahhaven,2024-10-11
610,Charles Chavez,tgreen@example.org,724.739.2120x243,Olsenshire,2025-03-16
611,Joseph Johnson,shawncamacho@example.org,613.640.5768,South Christy,2024-09-17
612,John Brown,tnorman@example.net,(606)423-0518,South Nicholas,2024-12-22
613,Lauren Baldwin,james55@example.com,(795)942-5029x910,Fisherburgh,2024-04-12
614,Matthew Marshall,bryanhaney@example.net,628.956.5373,South Ginaton,2025-02-13
615,William Peterson,markhull@example.com,8139278345,Susanmouth,2024-04-18
616,Michael Jackson,michelleperez@example.com,001-306-749-4816x0318,Younghaven,2024-05-17
617,Monica Jones,icox@example.com,512.333.5534x2570,Luisport,2024-10-24
618,Kathleen Rich,aaronhartman@example.net,803.616.0695x6118,Ianborough,2024-08-22
619,Mary Fritz,wwalker@example.net,5405990634,Port Samuelborough,2025-02-06
620,Sharon Ramsey,baileychristine@example.com,916-905-7761,South Laura,2024-06-02
621,Gabriel Walker,michael39@example.org,001-614-789-7192,Gallegosberg,2024-07-03
622,Taylor Johnson,pmolina@example.com,953.432.1543x578,Ericside,2024-11-03
623,Anthony Owen,marywong@example.com,001-240-866-0790x43959,West Daniel,2025-02-18
624,Debra Jones,maria36@example.org,9044774049,Henryberg,2024-11-30
625,Dillon Williams,ealexander@example.org,+1-861-443-4905x4836,North Kathy,2025-01-14
626,Stacey Greene,nelsonmatthew@example.org,649-751-0162x2906,West Amandabury,2025-03-08
627,Melissa Howell,cynthia49@example.net,2136647209,Port Jerry,2024-10-15
628,Robert Allen,vdunn@example.org,257-703-8212x94707,Lake Sarah,2024-12-28
629,Mary Bryant,samuelfisher@example.net,001-365-604-2874x77621,Caitlynstad,2025-02-18
630,Ruben Frank,alexander71@example.com,768.926.0959x503,Brianland,2024-04-06
631,Curtis Copeland,kimstephanie@example.org,294-276-7585x2543,West Stephanie,2024-09-14
632,Jeremiah Velasquez,alexatorres@example.com,+1-841-586-7421x080,North Christopherfort,2024-06-30
633,Stacy Hill,olsenalan@example.org,+1-574-928-0669x9669,Terryport,2025-01-27
634,Derrick Bradley,cynthia38@example.com,001-550-816-3506x9128,Lake Peter,2024-08-08
635,Eduardo Singleton,woodsdylan@example.org,605-633-2041,East Susan,2025-03-15
636,Patrick Ward,erica03@example.org,+1-524-388-5084x2551,Coryview,2025-01-11
637,Stephen Cooper,douglasriley@example.net,+1-570-252-0010,Rossburgh,2024-08-30
638,Justin Lewis,michaeljohnson@example.org,940-208-9291x37266,Taylorstad,2025-03-31
639,Douglas Roberts,debbie76@example.org,(961)925-1499x619,West Sarahville,2025-01-24
640,Tina Burton,tammie38@example.org,3998851555,New Christianport,2024-04-25
641,Amanda Strong,johnwoods@example.org,386-662-4693x38847,Christophermouth,2024-06-11
642,Joshua Myers,christophermoore@example.org,001-936-756-8474x216,Travisland,2024-08-19
643,Shannon Bender,shayes@example.com,+1-622-436-7418,Lake Devinhaven,2025-02-02
644,Lindsay Mcconnell,thomastravis@example.org,001-914-344-6231,Carterside,2024-08-31
645,Jennifer Santos,pmcdonald@example.org,886.883.0015x278,North Amyside,2024-04-06
646,Dennis Myers,xbass@example.org,+1-885-371-7375x1984,South Pamela,2024-06-20
647,Sean Riley,darrenwilliams@example.com,001-600-970-9351x4069,Port Michellehaven,2024-09-08
648,Kathy Duncan,travis60@example.net,001-332-634-9926x25564,Andreston,2024-07-20
649,David Parker,williamsnicole@example.com,(655)827-3682x786,New Denise,2024-06-05
650,William Calhoun,lyonsdeborah@example.com,929.286.9831x112,West Amanda,2024-04-04
651,Seth Poole,brian21@example.net,8775602609,Taylorborough,2024-04-13
652,Kathryn Curtis,kbonilla@example.com,227-878-5832x789,Lopezburgh,2024-05-20
653,Tyler Williams,davidsaunders@example.com,237.422.3387x296,Lake Monica,2024-06-18
654,Nathan Braun,carriestout@example.com,(819)909-3861x2382,South Catherine,2025-03-24
655,Patricia Rodriguez,joshualong@example.com,879-281-1803,Phillipmouth,2025-01-03
656,Tammy Owens,jessicagonzalez@example.com,960-660-4422x7525,New Adriennechester,2024-10-16
657,Raymond Lopez,heather39@example.net,956-523-7468,South Brendaport,2025-03-12
658,Eduardo Duncan,omathews@example.com,(276)672-3060x75716,Angelport,2024-06-30
659,Sheila Nelson,mary29@example.com,001-373-842-4200x30568,Lorishire,2024-12-26
660,Stephanie Cox,bowersandrea@example.net,772.381.5480x064,New Christian,2024-11-25
661,James Weber,millerjennifer@example.com,776.762.7894x66640,Ronniefort,2024-04-07
662,Brittney Owen,bettyfranklin@example.com,(505)453-7752x587,Marioton,2024-07-10
663,Kristin Sanchez,nicholsnicole@example.com,591.837.6428x0893,Benjaminhaven,2024-09-08
664,Richard Anderson,vlane@example.com,(431)952-4726x73060,Taylorburgh,2024-08-09
665,Charles Wallace,fdavis@example.org,588-984-7119x897,Jamiemouth,2024-09-28
666,Sylvia Williams,danielprince@example.net,331-947-6400x26163,New Masonborough,2024-06-15
667,Alexis Bennett,levycourtney@example.com,+1-892-777-9993,North Steven,2024-06-12
668,Scott Zimmerman,xquinn@example.net,001-378-643-7984,Lake Melissaland,2025-01-10
669,Julia James,kparks@example.net,912.206.7556x7559,Jennyborough,2025-02-13
670,Nicholas Daniels,liurobert@example.net,4708186805,West Michael,2024-12-28
671,Katherine Mahoney,rachellarsen@example.org,8582487219,Tuckerburgh,2024-04-14
672,Brianna Hamilton,qlawrence@example.com,(692)836-8471x863,Melanieton,2024-09-29
673,Lauren Gordon,bishopelizabeth@example.com,337-959-3791,Howardhaven,2024-09-08
674,Steven Lynn,deborahsanchez@example.org,(571)562-0638,Port Debra,2024-10-30
675,David Gibbs,pamelajones@example.net,001-677-730-6233x5984,Bradleyshire,2024-09-10
676,Colleen Boyd,dbarrett@example.org,(812)957-6780,Berryfurt,2025-02-15
677,Brandon Martinez,kristinachurch@example.org,(440)888-9938,Laurenchester,2024-05-19
678,Pamela Hess,lkim@example.com,768.394.0464,Paigebury,2025-01-10
679,Barbara Johnson,chapmanpatrick@example.net,(570)529-2611x2494,East Kennethfort,2024-09-24
680,Janet Turner,fbrewer@example.org,+1-886-388-6864x046,Port Patrick,2025-01-16
681,Cindy Reeves,douglashogan@example.org,001-652-493-5381x8479,New Donnaport,2024-08-02
682,Nicole Stafford,jothomas@example.com,709.407.8714,Lake Sarahmouth,2024-09-02
683,Bonnie Lamb,gjones@example.org,(763)521-4412x748,New Joseph,2024-07-25
684,Christopher Santiago,steinjeremy@example.com,001-732-314-0177x907,Lake Noahside,2024-04-23
685,Kelly Sloan,phillip92@example.net,001-989-580-9327x9073,West Markshire,2025-03-02
686,Stephanie Holland,ayalasteven@example.net,001-680-654-9208x8509,Kristinaborough,2024-06-17
687,Hannah Wilson,doylerenee@example.com,730.592.8585x673,Mcguirestad,2024-04-26
688,Gabrielle Thomas,bellpreston@example.org,663-963-2310x76022,East Christianmouth,2024-09-11
689,Christopher Young,vmoore@example.com,(336)593-8850,North Emily,2024-06-17
690,Sherri Chan,collinsduane@example.net,801.834.9590,South Adamport,2024-11-11
691,Amber Martin,laurenbennett@example.com,001-444-585-2317,South Ricardo,2025-03-27
692,Gary Hill,erin14@example.org,001-353-853-3845x71767,Williamchester,2024-05-18
693,Brian Rodriguez,kturner@example.com,724-285-8953,Lake Patrick,2024-08-19
694,James Castro,jjames@example.org,(733)615-0844,South Gary,2024-08-08
695,Kristen Diaz,djohnson@example.com,314.508.4633x1815,South Kristin,2024-04-21
696,Leah Donovan,barrettsamuel@example.org,+1-881-983-5942x100,North Shawnberg,2024-05-03
697,Juan Bautista,xjackson@example.org,896.469.3926x5869,East Douglasberg,2025-02-01
698,Gregory Cervantes,kelly00@example.net,(960)949-6143x3497,West Joycefort,2025-01-23
699,Shelly Green,blake85@example.net,907.714.7920,North Carolineburgh,2025-02-25
700,Rhonda Willis,lmason@example.net,+1-980-578-0369x094,South Derek,2024-06-23
701,Ricky Bates,theresa85@example.org,001-221-978-7821x84312,Nicholaschester,2024-04-08
702,Jesus Gutierrez,awalters@example.com,863.608.5982x399,Patriciaport,2024-08-10
703,Mary Castillo,brianhess@example.com,217-275-7143x0258,West Brittanymouth,2024-06-21
704,Joan Forbes,jasonkelly@example.com,001-230-884-8912x8974,Spencebury,2024-04-20
705,Eric Madden,udaniels@example.org,772.213.7344x9823,Erichaven,2025-01-28
706,Maria Miller,norrischristopher@example.net,001-599-516-7161x7828,Beckfurt,2024-08-12
707,Crystal Jackson,eric30@example.org,838-740-1836,Mcintyretown,2024-04-06
708,April Kemp,marcus62@example.org,3776005861,Mccormickstad,2024-11-14
709,Blake Singleton,carl70@example.net,946-970-3758x79733,New Brandishire,2025-03-27
710,Lisa Martin,ehorn@example.net,(454)854-7357x4017,Julieshire,2024-04-19
711,Angela Johnson,washingtonallison@example.com,524.361.8964x6985,Lake Kathleen,2024-11-10
712,Daniel Lopez,destiny64@example.net,272-505-6936,Shieldston,2025-02-16
713,Caitlin Gutierrez,paul60@example.com,(218)829-7799x312,Carlsonshire,2024-12-15
714,Joshua Silva,nmiller@example.net,743-998-9379x860,New Arthurtown,2024-07-28
715,Brian Hammond,hdavidson@example.org,722.957.9909x764,Mckinneyport,2024-08-11
716,Andrew Hartman,ghunt@example.org,222-475-1231,Yvonneview,2024-06-16
717,Stacy Ray,qjohnson@example.net,8102728128,Smithchester,2024-04-24
718,James Davidson,thompsoncharles@example.net,(274)995-6110x11347,Cooperfurt,2024-11-27
719,Nicole Peterson,christine43@example.org,531.897.1753x09577,Port Patrick,2025-02-22
720,Gabrielle Wilson,jonathon82@example.net,+1-620-946-3146,Christophermouth,2024-04-07
721,David Ewing,gjones@example.org,3894416928,West Nicholashaven,2024-10-10
722,Dr. Nicole Johnson PhD,julie80@example.com,(982)513-2203x24364,New Matthewshire,2024-12-05
723,Anthony Abbott,brian03@example.net,926-983-1310,East Hunterberg,2024-12-04
724,Derrick Reed,ramirezwilliam@example.com,001-919-507-1752x517,Port Amandaville,2025-02-28
725,Mr. William Jones,charles09@example.com,001-653-241-8146x3069,New Lisa,2024-12-16
726,Peggy Butler,wbush@example.net,001-759-750-3792,Lamside,2024-07-18
727,Eric Rodriguez,paulparrish@example.net,478.921.0444x1819,Port Hollyburgh,2024-06-21
728,Christine Cohen,matthewgeorge@example.org,+1-383-777-5038,Shawnborough,2024-08-13
729,Jennifer Gonzalez,tonibrown@example.com,+1-478-415-4293x7217,New Brendanburgh,2024-08-15
730,Madison Hopkins,michael80@example.com,340.427.8019x1851,Evansland,2024-08-07
731,Jeffrey Ramsey,samuel48@example.com,822.882.1667x13185,Lake Justinland,2024-09-27
732,Joanna Martinez,shorne@example.org,+1-538-845-3239x9276,Pearsonport,2024-04-07
733,Rachel Reyes MD,pgarcia@example.org,(588)602-4619,Hinesberg,2024-04-15
734,Thomas Pacheco,williamstracy@example.com,2475304464,New Nathaniel,2024-09-10
735,Jessica Gilbert,rojastyler@example.org,5956579395,Joneschester,2025-03-08
736,Leslie Harrison,brandon42@example.com,+1-952-320-9471x947,Erinland,2024-11-12
737,Justin Ford,davisgary@example.org,295.841.9830,Lorettaburgh,2024-04-22
738,Judy Clark,oespinoza@example.org,849-820-1108x7599,Swansonmouth,2024-10-19
739,Richard Collins,knightmichelle@example.net,4548235878,Carlberg,2024-05-16
740,Christopher Marshall,johnsonkatherine@example.net,+1-548-600-2865x3767,Port Sarah,2025-01-16
741,Jason Rogers,thernandez@example.com,464.904.1138x021,South Rhondaberg,2025-03-30
742,Heather Brooks,cpage@example.org,609.468.8189x6006,New Morgan,2024-12-17
743,Steven Elliott,kimberlymccoy@example.com,001-528-498-3578x86493,West Amber,2025-03-25
744,Todd Rivera,gguerrero@example.org,001-798-961-4698,Stefanieberg,2024-08-07
745,Jared Moore,jessica22@example.net,321-447-1436x32497,Ellenstad,2024-11-15
746,Sonya Hinton,lawrencemartin@example.net,757.945.1328,Josephberg,2024-08-22
747,Patricia Dorsey,victoriagonzalez@example.org,3724718653,Kimfort,2024-10-05
748,Jeffrey Craig,carmenmason@example.net,9395461166,West Mark,2024-09-17
749,Rebecca Jones,jenniferking@example.net,417.223.1482x97308,Normachester,2024-05-18
750,Susan Watson,keith52@example.com,9308156239,Port Howard,2025-01-17
751,Sarah Klein,gabrielleayala@example.net,001-229-204-3872x985,South Raymondshire,2024-06-14
752,Dr. Kristin Mora,reyestimothy@example.com,398.848.8810x5296,Lake Joseph,2024-06-01
753,Jessica Stewart,nhall@example.com,329-965-0849,West Bryanburgh,2024-08-24
754,Pamela Marshall,ptaylor@example.net,864-333-1969,East Jasonberg,2025-03-22
755,William Rios,frazierbrandon@example.net,001-660-225-2666x612,Smithview,2024-04-05
756,Anthony Munoz,vincentbrown@example.com,(816)871-7564,Lake Cassandra,2025-01-21
757,Johnny Johnson,kimberly44@example.org,468-311-7096x1269,Baileyland,2025-01-26
758,Erin Munoz,danielle86@example.net,897-683-8084,Lake Kristin,2025-02-03
759,Jessica Thompson,kadkins@example.net,001-267-955-2074x09673,Webbbury,2024-12-20
760,Wanda Pratt,gregoryjohnson@example.net,(857)845-7085x24947,New Calvinland,2024-05-26
761,Warren Hester,faulknereric@example.org,001-889-233-3779x38188,Brianshire,2024-07-13
762,Manuel Kim,fblanchard@example.com,+1-206-501-0904x56355,Nicholschester,2024-09-06
763,Christopher Hayes,leelisa@example.com,001-538-766-5427x6396,Hudsonbury,2024-12-17
764,Glenn Lewis,samantha58@example.net,964-812-9940x630,Lake Sarahborough,2024-12-15
765,Drew Hawkins,leroymcguire@example.com,(937)383-1853x507,Lake Rebecca,2024-10-18
766,Kimberly Hughes,albertrodriguez@example.com,(741)612-8101x453,South Markhaven,2024-11-27
767,Elizabeth Fowler,mooremarilyn@example.com,8444991056,Blairville,2025-03-26
768,Lori Simon,kimsmith@example.org,+1-234-651-1116x0691,Lake Dawnfurt,2024-10-05
769,Jesse Gates,richardyoung@example.org,(360)458-6279,Matthewton,2024-09-17
770,Christine Sawyer,cathy65@example.org,586-338-3868x334,New Diane,2024-11-18
771,Tanner Chapman,phillipgarcia@example.org,810-940-4110x622,Perezchester,2024-10-02
772,Emily Brown,hullerika@example.com,981-986-4384,West Royfort,2024-08-31
773,Greg Page,vaughnjacqueline@example.org,(325)950-5991x6586,Kinghaven,2024-10-13
774,James Perry,rodneymorales@example.org,+1-613-448-1953x482,Rhodesmouth,2024-07-23
775,Cory Payne,jamiemullen@example.org,348.879.0455,West Emilyborough,2024-12-28
776,William Roberts,debbie70@example.com,2435449180,East Cherylborough,2024-05-29
777,Tracy Wilson,pennymoore@example.net,901.661.3862x4783,Adamschester,2024-10-17
778,Larry Garcia,romanwilliam@example.net,941-456-4702,West Josephshire,2024-10-09
779,Natalie Adams,iharris@example.org,(339)771-5796x10282,Port Garymouth,2024-06-29
780,Kendra Hurst,princetonya@example.org,(621)911-5891,North Jillianton,2024-09-28
781,Howard Smith,carol87@example.net,825-475-8551,Johnville,2025-02-06
782,Larry Burgess,allison45@example.com,001-325-958-0281x500,East Jenniferberg,2025-03-29
783,Tricia Young,pamela98@example.org,871-504-7782,North Kevin,2025-03-04
784,Eduardo Hill,athompson@example.org,+1-406-963-5781x36658,North Laura,2025-03-23
785,Robert Bowman,stephensandre@example.net,+1-739-724-2339,West Cynthiabury,2024-06-09
786,Melissa Morrison,edavis@example.org,(968)255-0842,Maryfurt,2024-11-06
787,Mr. David Cooper,natalie85@example.com,(624)745-7792x037,Port Allisonside,2025-02-22
788,Angel Martin,mary05@example.org,001-624-300-7713,North Henryview,2024-06-29
789,Kerri Holden,amy58@example.net,(354)486-5343x625,Nicholasville,2024-08-29
790,Raymond Coleman,wardlinda@example.net,+1-518-847-2745,Karenchester,2025-02-18
791,Cassandra Ramirez,yrice@example.net,(495)877-8533,Amandaberg,2024-04-23
792,William Murray,kathy54@example.org,(640)948-8669x147,Browningland,2024-12-04
793,Brian House,ayalajames@example.com,703.660.3091x97937,Hillside,2025-02-19
794,Laurie Rodriguez,kevin88@example.com,588.417.9360,East Annechester,2024-06-18
795,Walter Henderson,nicole15@example.org,641.599.2612,Carterfurt,2025-03-05
796,Mike Black,angela31@example.com,(449)532-6537x24962,West Valerieberg,2025-02-02
797,Bobby Elliott,zwilson@example.org,755-496-2780x992,South John,2024-11-10
798,Lawrence Pratt,gonzaleschristopher@example.net,(628)531-8999x51468,Brownburgh,2025-02-01
799,Rose Cervantes,brandonyates@example.com,673-305-2096x4603,Michaelfurt,2024-06-08
800,Michael Garcia,gary18@example.org,001-724-239-8675x908,South Susan,2024-05-06
801,Jessica Kent,samanthahughes@example.com,+1-829-476-8824x82811,West Hannah,2024-04-13
802,Alexis Clark,rubioscott@example.com,+1-433-210-5142x23797,Emilyville,2025-01-07
803,Barbara Hogan,parkermatthew@example.net,877-417-4838,Ortizhaven,2024-07-06
804,Mrs. Brittany Franklin,ephillips@example.net,(676)825-5520x1071,Staceyfort,2025-01-08
805,Adam Berry,elizabethpaul@example.com,786-811-0935,North Sally,2024-06-12
806,George Townsend,alexis82@example.com,001-207-323-8681x196,Warrenchester,2025-01-10
807,Matthew Moore,fsmith@example.org,963.519.0385x6128,South Harold,2024-05-02
808,Cynthia Contreras,kellypaul@example.com,830.405.9277,Weberfort,2025-01-31
809,Jesus Clarke,davislinda@example.com,979.770.6901,South Joseph,2024-07-14
810,Chloe Castro,schmidtbrittany@example.net,585-274-8496x6862,Charlesmouth,2024-11-20
811,Andre Mccarthy,lisa40@example.com,306.506.8440x395,Port Thomas,2024-12-08
812,William Gross,barbara60@example.net,(319)640-2811x297,West Steventown,2025-02-18
813,Daniel Lozano,rebecca34@example.net,975-330-5364,New Katieville,2024-08-14
814,Michael Williams,amiller@example.com,7518975446,Stokesfort,2024-07-13
815,Diana Cooper,ijohnson@example.net,+1-364-750-1076x51260,North Charles,2025-01-05
816,James Davenport,gilbertparker@example.org,650-573-0131x99375,East Laura,2024-08-27
817,Virginia Meyers,hodgericky@example.org,+1-789-784-0414,Andersonton,2025-03-19
818,Rhonda Pineda,xherrera@example.org,(258)347-5932x9505,Fosterchester,2024-04-04
819,Traci Perez,obaker@example.com,(668)626-2908x223,Swansonton,2024-05-25
820,Amy Martin,millerrobert@example.com,(888)276-1315,Reedbury,2025-03-31
821,Gregory Thompson,wrightmichael@example.org,(993)842-1957x89853,Lake Meagan,2024-07-03
822,David Wheeler,millerjane@example.net,001-215-401-4468x2372,Carlaton,2024-06-15
823,Joshua Rubio,munozsheila@example.com,(559)793-3543,Jacquelinehaven,2024-06-25
824,Laura Nelson,james08@example.net,580.231.8765,North Jeremiah,2025-02-07
825,Michelle Bowman,dianemiller@example.net,802-883-3449x0466,West Amandaburgh,2024-05-06
826,Rebecca Reeves,hansenkatherine@example.net,(606)858-6377x465,North Joseborough,2024-05-22
827,Kevin Scott,ashley05@example.net,633.861.8283,Sullivanborough,2024-04-29
828,Dennis Long,uwalters@example.org,676-546-5908,South Natalie,2024-05-10
829,Amber Morse,bradleymurray@example.org,(793)701-0196,New Jayside,2025-03-04
830,Scott Roberts,brianbaker@example.org,001-674-630-6915x41391,Johnberg,2024-06-13
831,Jonathan Brewer,nancy94@example.net,001-820-887-7099,Gentryhaven,2025-03-01
832,Veronica Jones,meganmckee@example.org,774.719.8398,Abbottberg,2025-01-29
833,Heather Shaw,phillipspedro@example.com,001-768-263-9448x956,New Margaret,2024-06-04
834,Gina Walker,cknapp@example.net,451-571-3639,Port Bruceland,2024-12-25
835,Justin Costa,eavila@example.org,938-534-0845,Port Kennethside,2024-11-02
836,Dawn Davis,rodney56@example.com,590.489.4713x962,Lake Sarahland,2024-10-28
837,Douglas Taylor,lmyers@example.com,(962)771-6956x557,Henryside,2025-01-28
838,Michelle Barry,mstewart@example.org,897.227.1557,North Kenneth,2025-01-20
839,Stephanie Figueroa,michelle18@example.org,613.235.9247x6693,Ronaldfort,2025-02-19
840,Brian Cook,frankwelch@example.com,+1-304-893-6097x074,Aliciaberg,2024-12-15
841,Charles Kennedy,carol41@example.com,595.409.4238x92054,East Robert,2024-11-08
842,Jason Shaffer,vpark@example.com,(938)379-4508,Cindyfort,2025-03-08
843,David Young,dcochran@example.net,(245)375-0543x07376,Williamsmouth,2024-12-08
844,Sandra Lane,martinsmith@example.net,(926)440-5561x454,Seanfurt,2025-03-08
845,Jennifer Mitchell,gwu@example.com,(507)418-7940x77756,Parkerbury,2024-07-08
846,Matthew Torres,ibarrakellie@example.com,902.737.1019x0825,Joshuaport,2024-07-05
847,David Bray,smithraymond@example.net,(330)790-9667x6246,Robertfort,2024-12-24
848,Christopher Watson,aford@example.com,640.643.2696x352,Fordport,2024-12-23
849,Michelle Johnson,tara21@example.org,(454)779-0192x2233,Wandaberg,2024-12-24
850,Kelsey Sims,brian88@example.net,(452)418-2854,West Johnfurt,2025-03-26
851,Raymond Mcintosh,sierra04@example.org,+1-380-947-8816x121,Patriciaberg,2025-01-09
852,Bryan Frost,tbryant@example.com,998.980.7315x4636,West Michael,2024-07-17
853,John Cantu,lisasnyder@example.org,887-331-7090x6733,Paulaport,2025-01-18
854,David Pearson,arodriguez@example.com,001-313-304-5906x37496,Port Carla,2024-07-10
855,John Contreras,emurphy@example.com,523.917.8352,West Brandon,2024-04-20
856,Rebecca Castro,cohenkathleen@example.org,001-853-620-3660x099,Smithfurt,2024-10-15
857,Dr. Michael Walker,alexandermary@example.net,001-320-590-2815,West Tasha,2024-04-05
858,Amanda Santiago,muellerrachel@example.org,(364)241-0753,Gonzalesland,2024-08-18
859,Jesse Johnson,hoodbrian@example.com,4316161868,Kirbyfort,2024-12-27
860,Michael Carter,stevenparker@example.com,6363902630,Port Victoria,2025-03-28
861,Nicole Hanson,wrightsharon@example.org,+1-462-887-0082x252,Cameronland,2024-05-24
862,Ashley Ho,steelekaren@example.com,+1-388-362-5456x53342,Michaelhaven,2024-10-01
863,Jose Mitchell,destiny10@example.org,(501)689-1292,New Miranda,2025-02-27
864,Ashley Sexton,jeffreynixon@example.com,(264)338-5229x709,Martinezchester,2024-04-13
865,Jennifer Smith,wsullivan@example.net,635.254.7792x9950,Paulshire,2025-01-02
866,Mario Walters,kleinvictoria@example.com,864-518-9717x04245,Bushshire,2024-08-10
867,David Jordan,njones@example.org,+1-480-897-4181,Vargasfurt,2025-01-11
868,Sharon Brown,omills@example.com,7853115767,South Antonio,2024-08-18
869,Bruce Hicks,smithcarlos@example.net,+1-628-970-1827x078,Rogersfurt,2024-08-18
870,Andrea Hall,aburns@example.net,585.270.3416,Port Laura,2025-01-27
871,Cynthia Melton,carolyn98@example.org,659.979.9625x09384,Mitchellhaven,2025-02-07
872,Jamie Shah,wellsrebecca@example.net,(723)423-7112x351,New Jacobland,2024-12-26
873,Susan Moore,maynardthomas@example.com,001-927-626-0224x76361,North Tiffanytown,2024-04-06
874,Richard Benjamin,psantos@example.org,310.312.3776,Johnport,2024-11-08
875,Jared Kelley,hklein@example.org,690-750-6522,West Amanda,2024-11-18
876,Jonathon Scott,russellbradley@example.com,460-432-5797,South David,2025-03-06
877,Linda Edwards,amora@example.net,736.644.3850,Mccoyton,2024-10-12
878,Philip Martinez,hallstacey@example.net,(460)524-9408x761,Davidville,2025-02-22
879,Scott Curtis,floresstephanie@example.org,+1-683-283-3640,Kimberlytown,2024-06-10
880,Timothy Castillo,davidsanders@example.com,464.354.3824,Reillyside,2024-09-28
881,Joshua Mcdonald,zolsen@example.com,858-316-9153,Padillaland,2024-10-14
882,Ann Carpenter,vstevens@example.net,5724199467,Courtneyfort,2024-07-04
883,Samantha Rose,caitlin49@example.com,308.986.3684x00603,Lake Michealhaven,2025-02-27
884,Dr. Jared Marsh,bcohen@example.org,499-635-5555x5170,Lake Courtney,2024-07-22
885,Jennifer Osborne,drodriguez@example.net,398-743-7571x69651,Port Rickyton,2024-12-27
886,Fred Banks,jbrown@example.net,973.602.7925,Port James,2024-10-22
887,Terry Vargas,joannedaniels@example.net,001-944-810-3550x8566,Deborahland,2024-11-22
888,Roger Fisher,burnskevin@example.org,972-223-5932,South Anthony,2025-03-27
889,Jessica Ortiz,valeriewaters@example.com,001-881-891-1050x09860,Johnmouth,2024-12-04
890,Kevin Dixon,hrogers@example.net,(509)587-3080x3018,Amyland,2025-03-15
891,John King,kathrynlambert@example.org,001-470-821-7535x847,Carrieshire,2024-08-27
892,Jorge Stephenson,andrew57@example.org,+1-317-296-6459x7204,West Justinville,2024-10-19
893,Wayne Rodriguez,zjackson@example.net,515.891.7892x12401,Laurenside,2025-02-19
894,Jennifer Barron,james60@example.org,6775295494,Lake Michaeltown,2025-02-08
895,Barbara Davis,jennifer80@example.com,253-305-6156x7243,North Williamfort,2024-05-05
896,Elizabeth White,hsloan@example.net,6722200685,Thompsonmouth,2025-01-08
897,Jillian Phelps,fmorton@example.org,+1-477-248-3170,East Theresa,2024-07-15
898,Kevin Mclean,cantujason@example.org,001-567-340-7311x125,Perezberg,2024-10-24
899,Kathryn Jones,lenicholas@example.net,965.305.2420x640,East Christopherland,2024-07-18
900,Susan Smith,jcombs@example.com,222-802-2656,New Timothy,2025-01-31
901,Elizabeth Knight,deborah32@example.net,655.865.5975,South Meghan,2024-07-24
902,Daniel Stevens,williamskelly@example.com,362.875.8991x0827,Faulknerland,2024-09-30
903,Christopher Martin,holly20@example.org,795.964.2896,Lake Amandaview,2024-10-06
904,Gregory Suarez,sharon75@example.net,001-660-668-0005,Aaronborough,2024-12-29
905,Carol Young,jose24@example.net,273-818-7322x971,Port Shawntown,2024-07-17
906,Justin Jones,mariakelley@example.com,(360)882-2126x01061,Danielmouth,2024-09-11
907,John Lewis,geraldschneider@example.org,(968)612-2276x0196,Josephchester,2024-06-19
908,Matthew Lee,pwhite@example.com,+1-634-491-3628x94603,East Teresaville,2025-02-07
909,Theresa Cole,tranmitchell@example.com,001-765-437-0650x1193,West Jayfort,2024-11-09
910,Gary Roberts,robertmccann@example.net,2406930002,South Thomasland,2024-09-16
911,Ashley Craig,sharpbrittany@example.com,+1-931-772-1674,Port Joshuaberg,2024-06-18
912,Dr. Max Lopez MD,zevans@example.com,918-356-7206x82343,Johnsonmouth,2025-02-01
913,James Hudson,jasonfisher@example.net,796.358.8906x7958,Underwoodchester,2025-01-28
914,Nicole Gonzalez,loganjennifer@example.net,827-654-9908,Porterport,2024-12-29
915,Tasha Abbott,gruiz@example.com,608-677-3982,North Davidton,2024-04-19
916,Christopher Jarvis,john57@example.org,418.450.6844x1356,Port Terrance,2024-12-24
917,Steven Clay,goldeneric@example.org,+1-879-932-1278x15846,Parkerborough,2025-02-11
918,Theresa Smith,elizabeth42@example.net,4804685165,New Traceymouth,2024-11-12
919,Mrs. Shannon Peterson DVM,dale93@example.org,(913)637-8075x6681,Medinaville,2024-12-20
920,Steven Miller,gregoryking@example.com,384.531.9411x04472,Brettland,2024-09-04
921,Timothy Rivera,david35@example.net,5136893861,Zacharychester,2024-11-13
922,Eric Lambert,xmedina@example.net,(204)553-2633x74604,Port Wendychester,2024-06-07
923,Eric Miller,jonathannielsen@example.net,(825)769-6263,Wattsview,2025-01-10
924,Jesse Wagner,felicialeonard@example.org,001-269-594-4935x45437,East Elizabeth,2024-05-14
925,Rachel Dunn,qjohnson@example.com,592.548.0441,Davisport,2024-08-16
926,Amber Myers,rcannon@example.org,+1-528-269-8608x3714,North Johnhaven,2024-08-25
927,Edward Dawson,williamsonnathaniel@example.com,+1-698-812-6846x69950,Lake Chrisside,2025-02-10
928,Kelsey Singleton,justinadkins@example.net,249-475-9959x99452,Port Richardland,2025-02-18
929,Amy Williams,ogoodman@example.com,+1-691-312-2801,Wardchester,2024-12-31
930,Latoya Singh,shannonthomas@example.net,431-400-6567,New Justinfurt,2024-08-27
931,Denise Oliver,adamskatrina@example.org,547.568.6823x894,Lake Alicia,2024-05-13
932,Brittany Johnson,nataliewalker@example.net,001-292-223-0766x98481,Victoriaburgh,2024-07-21
933,Heather Murray,jasonbuchanan@example.org,(344)567-6388x339,Brittanybury,2024-09-03
934,Ronald Coleman,fhanson@example.net,001-473-602-3973x624,Flowersberg,2024-07-24
935,Ms. Kelly Chavez,kimberlyjohnson@example.net,(799)815-6772,Ashleyport,2025-02-14
936,Amy Newman,lowebradley@example.org,934-768-3279x0617,Rhondahaven,2024-12-22
937,Stephen Shaw,vcarter@example.com,791.486.7029,West Gloriafurt,2024-07-27
938,Edward Townsend,randallmiller@example.org,001-727-954-3771x814,Madisonton,2024-11-11
939,Olivia Blanchard,heidi93@example.net,670.569.4026,Jasonland,2024-04-17
940,Lori Parker,anthony69@example.com,644-708-2331,Maxwellton,2025-02-15
941,Julie Carr,eric35@example.org,(831)474-4109x487,Craigtown,2024-10-29
942,Emma Cisneros,omills@example.net,(758)916-9913x34633,Thompsonfort,2024-10-07
943,Garrett Miller,tcampbell@example.com,8194531777,East Brianside,2025-02-14
944,Kristen Greer,mnoble@example.net,874.869.9808x6989,East Jennifer,2024-12-02
945,Amy Leonard,aprilanderson@example.org,320.654.0517,East Brenda,2024-11-02
946,Steven Olson,russellhamilton@example.net,618-548-7946,Russellview,2025-03-03
947,Cassandra Davis,bobbyfarmer@example.com,(506)723-6298x4244,North Kelsey,2024-09-21
948,Greg Holder,morrisbrooke@example.org,+1-360-705-0260x8324,East Brandon,2024-04-01
949,Corey Davis,williamsonkerry@example.com,643-581-6635x654,Port Gina,2024-07-26
950,Denise Gregory,sheila42@example.com,503-765-2315,North Vanessa,2025-01-04
951,Zachary Johnson,wflores@example.com,(581)997-1824x6803,West Amy,2024-08-08
952,Patricia Morton,johnwhite@example.net,001-384-699-3613x58621,South Matthewfurt,2024-04-14
953,Laura Hill,uboyd@example.net,001-208-773-4563x487,Jeromeland,2024-11-25
954,Richard Smith,zhunter@example.com,487.882.3447x46137,North Kimberlyside,2024-08-10
955,Dr. Rebecca Simmons DDS,udennis@example.net,001-792-911-7989x07561,Gibsonberg,2025-03-04
956,Jeremy Davis,brianna35@example.org,791-484-9573x223,Sierramouth,2024-12-17
957,Brandi Smith,myersanthony@example.net,+1-236-964-9293x7013,Port Lisa,2025-01-15
958,Jamie Moran,usmith@example.com,349.896.1718x848,Port Katherineview,2024-11-09
959,Marcia Ramos,mcdonaldsharon@example.com,(948)968-8652x6755,Mollyton,2024-06-23
960,Samantha Cameron,christina98@example.net,4063989093,Tanyaville,2025-01-15
961,Alexander Pope MD,martinezdarren@example.org,(471)243-7278,New Seanville,2025-03-25
962,Jessica Martin,caseyward@example.org,+1-536-499-7202x97582,East Josephmouth,2024-10-02
963,Kevin Jones,sandranelson@example.com,(692)226-8843x0516,Stricklandbury,2024-05-18
964,Elizabeth Smith,hannamatthew@example.com,(849)509-2792x5676,Justinport,2025-02-23
965,Samantha Diaz,gonzalezlaurie@example.net,4887138873,Franklinmouth,2024-08-05
966,Lori Velazquez,zmoran@example.net,(217)249-5955x1631,Justinborough,2024-08-16
967,Nicholas Jordan,anthonyortiz@example.org,870.395.0799x4599,Marcusborough,2024-06-09
968,Ms. Erica Moore,mathewroth@example.com,(552)348-0070x1522,New Melissa,2024-11-17
969,Renee Hays,santiagonicole@example.org,473-259-4084,Tracyborough,2025-03-22
970,Kevin White,wwall@example.com,(864)715-1378x88677,Shaffermouth,2024-04-24
971,Wesley Ortega,jamessmith@example.com,565.451.0021,New Gabriellashire,2025-03-20
972,Erik Carroll,allenlewis@example.net,596-306-2741x13525,Andrewport,2024-05-30
973,Patricia Richardson,adam56@example.net,986.661.4005,Michaelmouth,2024-05-28
974,Brian Kramer,breynolds@example.com,+1-743-542-0679x3557,Petersonside,2024-12-17
975,Joseph Brown,ronald33@example.net,583-673-4887x83030,Johnsmouth,2025-03-22
976,Mason Shelton,anthony42@example.com,792.559.9051x0957,East Bethanyfurt,2024-06-29
977,Katherine Avery,spencerburton@example.org,612.290.6449,Ellisonville,2024-04-11
978,Louis Harmon,qmassey@example.net,(950)670-0302x5114,Michaelside,2024-09-22
979,Shannon Cook,brianflores@example.com,5559356574,Dixonburgh,2024-11-12
980,Elijah Jones,christopher95@example.com,479-581-7607,Roachberg,2025-01-13
981,Justin Weiss,allenjoseph@example.com,887-598-1703x3926,East Dustinstad,2024-10-11
982,Mrs. Wendy Cain,perryjoshua@example.net,+1-796-480-8834x106,Cooleyville,2025-02-21
983,Alisha Harris,gregory56@example.com,574.486.8994,East Garyfort,2024-06-28
984,Kyle Herring,kevinjones@example.com,238.848.2984x0290,Cohenmouth,2024-10-05
985,William Garcia,omiller@example.net,676-375-0732x291,North Sharonstad,2024-10-09
986,Tiffany Green,stephenholmes@example.com,573-282-5594x9762,West Marissaburgh,2024-06-02
987,Todd Hansen,amandadavis@example.org,(458)566-1224x7933,West Jennifermouth,2025-03-13
988,Laurie Davis,erichowell@example.com,257.532.3672,South Donaldburgh,2024-09-24
989,Kelly Murphy,robinmartin@example.net,769-500-5016x18468,Bookermouth,2024-06-17
990,Diane Marks,melissawilliams@example.net,(700)607-0718x21247,West Alex,2024-07-24
991,Christopher Ross,juan22@example.org,5689632218,Justinmouth,2025-03-26
992,Jennifer Elliott,bradleyhernandez@example.net,(584)786-5779x4968,North Megan,2025-02-28
993,Cody Johnson,bjohnson@example.org,+1-303-526-9549,Port Richard,2024-10-26
994,Brittney Day,jimmorales@example.com,001-643-290-4766x42245,Zacharyborough,2024-11-22
995,Robin Carey,vincentkristi@example.net,+1-648-624-3712,Taylorfurt,2024-11-09
996,Frank Mclaughlin,ellen68@example.net,8364496187,Taylorville,2024-11-05
997,Kelly Cook,raymondramirez@example.net,+1-585-555-9887,Lake Amy,2025-01-31
998,Taylor Mullen,patrick27@example.com,796.604.9756,Johnstonberg,2024-07-03
999,Vanessa Chavez,michelle50@example.org,001-450-512-2501x84060,Port Randy,2024-11-10
1000,Gregory Hogan,nicholas12@example.org,001-728-811-9646x602,West Colleen,2024-12-07
